user_id,labels
1,1
2,1
3,2
4,1
5,1
6,2
7,1
8,0
9,2
10,2
11,1
12,0
13,1
14,0
15,0
16,0
17,0
18,2
19,0
20,1
21,0
22,1
23,1
24,1
25,0
26,0
27,1
28,1
29,0
30,0
31,2
32,0
33,1
34,1
35,2
36,0
37,0
38,0
39,2
40,0
41,1
42,0
43,1
44,1
45,0
46,1
47,1
48,1
49,1
50,2
51,2
52,0
53,2
54,1
55,0
56,2
57,0
58,2
59,2
60,1
61,2
62,1
63,2
64,1
65,1
66,0
67,0
68,2
69,1
70,2
71,2
72,2
73,0
74,1
75,0
76,1
77,1
78,0
79,0
80,0
81,0
82,0
83,2
84,2
85,0
86,2
87,0
88,2
89,0
90,0
91,0
92,1
93,1
94,1
95,1
96,2
97,2
98,0
99,2
100,1
101,2
102,2
103,0
104,0
105,0
106,1
107,2
108,0
109,1
110,0
111,1
112,1
113,0
114,0
115,2
116,0
117,2
118,2
119,1
120,0
121,1
122,1
123,2
124,0
125,1
126,2
127,0
128,0
129,0
130,0
131,2
132,2
133,0
134,1
135,2
136,0
137,1
138,2
139,0
140,0
141,2
142,2
143,0
144,2
145,0
146,2
147,0
148,0
149,1
150,0
151,0
152,1
153,0
154,0
155,0
156,0
157,1
158,1
159,1
160,0
161,2
162,0
163,2
164,2
165,2
166,0
167,0
168,0
169,0
170,0
171,1
172,1
173,1
174,1
175,0
176,1
177,0
178,1
179,1
180,1
181,1
182,1
183,2
184,1
185,0
186,1
187,0
188,1
189,0
190,0
191,0
192,1
193,0
194,0
195,0
196,0
197,0
198,1
199,2
200,0
201,0
202,0
203,0
204,1
205,0
206,0
207,2
208,0
209,1
210,0
211,2
212,1
213,1
214,0
215,1
216,1
217,0
218,1
219,0
220,1
221,0
222,1
223,0
224,2
225,2
226,0
227,0
228,1
229,2
230,0
231,2
232,0
233,1
234,0
235,2
236,2
237,2
238,0
239,1
240,0
241,0
242,0
243,1
244,2
245,1
246,0
247,0
248,0
249,1
250,0
251,0
252,1
253,2
254,0
255,1
256,0
257,0
258,1
259,0
260,0
261,2
262,0
263,0
264,2
265,1
266,0
267,1
268,0
269,1
270,1
271,0
272,0
273,1
274,0
275,0
276,1
277,0
278,0
279,0
280,1
281,2
282,0
283,2
284,1
285,0
286,1
287,1
288,0
289,1
290,0
291,1
292,2
293,1
294,0
295,0
296,1
297,1
298,1
299,0
300,0
301,2
302,1
303,0
304,2
305,0
306,0
307,0
308,1
309,2
310,0
311,1
312,0
313,1
314,1
315,0
316,1
317,1
318,0
319,1
320,0
321,0
322,0
323,2
324,1
325,1
326,0
327,0
328,0
329,0
330,0
331,0
332,2
333,2
334,1
335,0
336,0
337,0
338,1
339,0
340,0
341,1
342,1
343,1
344,2
345,2
346,0
347,0
348,2
349,0
350,1
351,2
352,2
353,0
354,2
355,1
356,0
357,0
358,1
359,1
360,0
361,1
362,0
363,1
364,2
365,2
366,0
367,1
368,2
369,0
370,0
371,0
372,2
373,0
374,0
375,2
376,0
377,1
378,1
379,1
380,1
381,0
382,1
383,0
384,1
385,2
386,0
387,1
388,0
389,2
390,0
391,2
392,0
393,2
394,0
395,1
396,0
397,0
398,0
399,0
400,2
401,2
402,0
403,0
404,0
405,0
406,2
407,2
408,2
409,1
410,0
411,0
412,0
413,0
414,1
415,0
416,0
417,1
418,0
419,0
420,0
421,0
422,0
423,0
424,0
425,2
426,0
427,1
428,0
429,0
430,2
431,2
432,2
433,1
434,2
435,1
436,1
437,1
438,2
439,0
440,0
441,2
442,1
443,0
444,0
445,2
446,2
447,2
448,1
449,1
450,1
451,2
452,0
453,1
454,0
455,2
456,1
457,0
458,1
459,2
460,1
461,2
462,2
463,1
464,0
465,0
466,0
467,2
468,0
469,1
470,0
471,1
472,0
473,1
474,1
475,0
476,1
477,1
478,0
479,0
480,1
481,0
482,1
483,2
484,0
485,2
486,0
487,0
488,0
489,0
490,1
491,0
492,0
493,1
494,0
495,2
496,2
497,0
498,0
499,0
500,2
501,0
502,0
503,2
504,1
505,1
506,1
507,2
508,1
509,0
510,0
511,0
512,1
513,2
514,1
515,2
516,2
517,0
518,0
519,2
520,0
521,0
522,0
523,0
524,2
525,0
526,0
527,1
528,1
529,0
530,0
531,2
532,0
533,1
534,0
535,2
536,1
537,0
538,2
539,1
540,0
541,1
542,0
543,1
544,1
545,0
546,2
547,1
548,0
549,0
550,1
551,1
552,0
553,0
554,1
555,2
556,0
557,0
558,0
559,0
560,0
561,0
562,1
563,0
564,0
565,0
566,1
567,1
568,1
569,1
570,2
571,1
572,0
573,0
574,0
575,0
576,0
577,1
578,1
579,0
580,0
581,0
582,0
583,1
584,1
585,0
586,0
587,2
588,1
589,0
590,2
591,0
592,0
593,0
594,1
595,0
596,2
597,1
598,0
599,0
600,1
601,0
602,0
603,1
604,0
605,1
606,1
607,0
608,0
609,0
610,1
611,2
612,0
613,0
614,1
615,2
616,1
617,0
618,1
619,1
620,0
621,0
622,0
623,0
624,0
625,0
626,1
627,0
628,0
629,1
630,0
631,0
632,2
633,1
634,2
635,1
636,0
637,2
638,1
639,0
640,1
641,2
642,0
643,2
644,2
645,0
646,1
647,0
648,2
649,2
650,2
651,1
652,1
653,2
654,1
655,2
656,0
657,0
658,0
659,2
660,1
661,1
662,0
663,1
664,2
665,0
666,0
667,0
668,1
669,0
670,0
671,0
672,1
673,0
674,0
675,1
676,0
677,1
678,2
679,2
680,1
681,0
682,1
683,0
684,0
685,2
686,0
687,0
688,0
689,0
690,0
691,2
692,1
693,1
694,2
695,2
696,2
697,0
698,0
699,2
700,0
701,0
702,2
703,2
704,0
705,2
706,1
707,1
708,2
709,2
710,0
711,0
712,0
713,1
714,1
715,0
716,1
717,1
718,2
719,0
720,2
721,1
722,2
723,2
724,0
725,0
726,2
727,0
728,2
729,0
730,1
731,0
732,0
733,1
734,2
735,2
736,1
737,2
738,0
739,1
740,0
741,0
742,1
743,2
744,0
745,0
746,0
747,2
748,0
749,2
750,2
751,2
752,0
753,2
754,0
755,1
756,1
757,0
758,1
759,0
760,0
761,0
762,1
763,0
764,2
765,0
766,0
767,0
768,0
769,0
770,0
771,0
772,1
773,2
774,0
775,0
776,2
777,1
778,1
779,1
780,0
781,2
782,1
783,1
784,0
785,1
786,2
787,0
788,2
789,1
790,0
791,1
792,0
793,0
794,0
795,0
796,2
797,2
798,0
799,0
800,1
801,1
802,1
803,2
804,0
805,0
806,0
807,1
808,2
809,0
810,1
811,1
812,1
813,2
814,1
815,2
816,0
817,1
818,0
819,1
820,0
821,1
822,2
823,2
824,1
825,1
826,1
827,1
828,2
829,2
830,1
831,0
832,0
833,0
834,0
835,2
836,2
837,1
838,1
839,1
840,0
841,0
842,2
843,2
844,0
845,1
846,0
847,1
848,1
849,0
850,0
851,2
852,0
853,0
854,0
855,0
856,1
857,1
858,2
859,1
860,0
861,0
862,1
863,2
864,2
865,1
866,0
867,1
868,0
869,1
870,0
871,1
872,1
873,2
874,0
875,1
876,2
877,2
878,2
879,1
880,1
881,0
882,1
883,1
884,1
885,1
886,2
887,2
888,0
889,0
890,0
891,1
892,1
893,0
894,2
895,0
896,0
897,1
898,1
899,0
900,1
901,1
902,0
903,2
904,0
905,2
906,0
907,2
908,0
909,0
910,0
911,0
912,0
913,1
914,2
915,0
916,1
917,0
918,2
919,0
920,1
921,1
922,0
923,0
924,2
925,2
926,2
927,0
928,1
929,2
930,2
931,0
932,1
933,2
934,2
935,1
936,1
937,0
938,0
939,0
940,1
941,2
942,0
943,0
944,2
945,0
946,0
947,0
948,1
949,1
950,0
951,1
952,0
953,0
954,0
955,1
956,1
957,0
958,2
959,2
960,0
961,0
962,2
963,0
964,0
965,0
966,2
967,0
968,0
969,0
970,0
971,1
972,0
973,0
974,1
975,0
976,1
977,0
978,0
979,0
980,2
981,1
982,0
983,2
984,1
985,1
986,0
987,0
988,0
989,0
990,1
991,1
992,1
993,0
994,2
995,1
996,1
997,2
998,1
999,1
1000,2
1001,2
1002,1
1003,0
1004,2
1005,2
1006,0
1007,2
1008,2
1009,0
1010,1
1011,0
1012,0
1013,0
1014,0
1015,2
1016,0
1017,0
1018,2
1019,0
1020,0
1021,0
1022,0
1023,1
1024,0
1025,2
1026,0
1027,0
1028,0
1029,2
1030,2
1031,0
1032,0
1033,0
1034,0
1035,1
1036,0
1037,1
1038,2
1039,0
1040,1
1041,1
1042,1
1043,1
1044,1
1045,1
1046,1
1047,0
1048,0
1049,2
1050,0
1051,2
1052,0
1053,2
1054,1
1055,0
1056,1
1057,0
1058,1
1059,1
1060,0
1061,2
1062,1
1063,0
1064,2
1065,1
1066,0
1067,0
1068,0
1069,0
1070,0
1071,2
1072,0
1073,0
1074,0
1075,2
1076,0
1077,2
1078,1
1079,2
1080,0
1081,1
1082,2
1083,2
1084,1
1085,0
1086,2
1087,1
1088,0
1089,1
1090,0
1091,0
1092,1
1093,1
1094,1
1095,2
1096,1
1097,0
1098,1
1099,0
1100,2
1101,1
1102,0
1103,0
1104,0
1105,0
1106,0
1107,2
1108,1
1109,1
1110,2
1111,0
1112,0
1113,2
1114,1
1115,2
1116,2
1117,1
1118,2
1119,0
1120,2
1121,1
1122,2
1123,0
1124,1
1125,2
1126,1
1127,2
1128,2
1129,2
1130,1
1131,1
1132,2
1133,0
1134,0
1135,1
1136,0
1137,1
1138,0
1139,2
1140,0
1141,0
1142,0
1143,2
1144,1
1145,0
1146,1
1147,2
1148,2
1149,0
1150,0
1151,1
1152,0
1153,0
1154,0
1155,1
1156,2
1157,2
1158,0
1159,1
1160,1
1161,0
1162,2
1163,2
1164,1
1165,0
1166,0
1167,2
1168,0
1169,1
1170,0
1171,2
1172,0
1173,1
1174,0
1175,0
1176,0
1177,0
1178,0
1179,2
1180,1
1181,1
1182,0
1183,1
1184,2
1185,0
1186,0
1187,0
1188,1
1189,1
1190,0
1191,0
1192,0
1193,1
1194,2
1195,1
1196,0
1197,0
1198,1
1199,0
1200,2
1201,0
1202,0
1203,1
1204,2
1205,0
1206,1
1207,1
1208,1
1209,0
1210,2
1211,0
1212,1
1213,1
1214,0
1215,1
1216,0
1217,0
1218,2
1219,2
1220,2
1221,0
1222,0
1223,0
1224,2
1225,1
1226,1
1227,2
1228,0
1229,0
1230,0
1231,0
1232,2
1233,0
1234,2
1235,1
1236,2
1237,2
1238,2
1239,0
1240,0
1241,0
1242,0
1243,2
1244,0
1245,0
1246,2
1247,1
1248,0
1249,0
1250,2
1251,1
1252,0
1253,1
1254,0
1255,2
1256,2
1257,2
1258,0
1259,1
1260,1
1261,2
1262,0
1263,0
1264,1
1265,0
1266,1
1267,0
1268,2
1269,2
1270,1
1271,0
1272,2
1273,0
1274,1
1275,0
1276,0
1277,2
1278,1
1279,0
1280,0
1281,2
1282,1
1283,2
1284,2
1285,2
1286,2
1287,0
1288,1
1289,1
1290,1
1291,0
1292,2
1293,2
1294,2
1295,2
1296,0
1297,2
1298,1
1299,1
1300,1
1301,0
1302,0
1303,0
1304,0
1305,0
1306,2
1307,1
1308,0
1309,1
1310,0
1311,0
1312,0
1313,2
1314,2
1315,2
1316,0
1317,2
1318,2
1319,0
1320,1
1321,0
1322,1
1323,0
1324,1
1325,2
1326,2
1327,2
1328,0
1329,0
1330,1
1331,0
1332,2
1333,0
1334,0
1335,0
1336,1
1337,0
1338,1
1339,1
1340,0
1341,1
1342,2
1343,2
1344,0
1345,2
1346,0
1347,1
1348,0
1349,1
1350,1
1351,2
1352,0
1353,1
1354,2
1355,1
1356,0
1357,2
1358,1
1359,2
1360,0
1361,1
1362,0
1363,0
1364,2
1365,1
1366,1
1367,1
1368,0
1369,0
1370,1
1371,1
1372,0
1373,0
1374,1
1375,0
1376,1
1377,0
1378,0
1379,2
1380,0
1381,0
1382,0
1383,0
1384,0
1385,0
1386,0
1387,2
1388,1
1389,0
1390,1
1391,0
1392,0
1393,0
1394,0
1395,1
1396,1
1397,2
1398,1
1399,0
1400,2
1401,0
1402,0
1403,2
1404,0
1405,0
1406,0
1407,0
1408,0
1409,1
1410,0
1411,1
1412,0
1413,1
1414,1
1415,2
1416,0
1417,2
1418,1
1419,2
1420,2
1421,1
1422,1
1423,0
1424,0
1425,1
1426,0
1427,0
1428,0
1429,0
1430,1
1431,0
1432,1
1433,1
1434,2
1435,2
1436,0
1437,1
1438,1
1439,0
1440,0
1441,2
1442,0
1443,1
1444,0
1445,0
1446,0
1447,1
1448,0
1449,0
1450,1
1451,2
1452,1
1453,0
1454,1
1455,0
1456,0
1457,0
1458,0
1459,0
1460,2
1461,1
1462,0
1463,1
1464,0
1465,0
1466,1
1467,0
1468,0
1469,1
1470,2
1471,1
1472,1
1473,0
1474,1
1475,0
1476,2
1477,0
1478,0
1479,0
1480,2
1481,0
1482,1
1483,0
1484,1
1485,1
1486,0
1487,0
1488,1
1489,0
1490,0
1491,0
1492,1
1493,0
1494,0
1495,0
1496,2
1497,1
1498,0
1499,0
1500,2
1501,0
1502,0
1503,1
1504,0
1505,0
1506,1
1507,0
1508,0
1509,0
1510,2
1511,2
1512,2
1513,1
1514,0
1515,0
1516,1
1517,2
1518,0
1519,0
1520,1
1521,2
1522,0
1523,1
1524,0
1525,0
1526,0
1527,0
1528,0
1529,0
1530,0
1531,2
1532,1
1533,2
1534,0
1535,1
1536,1
1537,0
1538,1
1539,2
1540,0
1541,2
1542,0
1543,0
1544,0
1545,2
1546,0
1547,2
1548,1
1549,1
1550,1
1551,2
1552,0
1553,0
1554,1
1555,2
1556,0
1557,2
1558,1
1559,0
1560,1
1561,1
1562,0
1563,0
1564,2
1565,0
1566,2
1567,0
1568,1
1569,0
1570,0
1571,1
1572,2
1573,0
1574,1
1575,2
1576,2
1577,2
1578,0
1579,1
1580,2
1581,0
1582,2
1583,0
1584,0
1585,1
1586,0
1587,2
1588,0
1589,2
1590,0
1591,2
1592,1
1593,1
1594,0
1595,1
1596,0
1597,0
1598,0
1599,1
1600,0
1601,0
1602,0
1603,1
1604,0
1605,0
1606,2
1607,0
1608,0
1609,2
1610,2
1611,2
1612,0
1613,2
1614,0
1615,0
1616,0
1617,0
1618,1
1619,2
1620,0
1621,0
1622,1
1623,2
1624,2
1625,0
1626,0
1627,0
1628,2
1629,2
1630,0
1631,0
1632,2
1633,0
1634,1
1635,2
1636,2
1637,2
1638,0
1639,2
1640,1
1641,1
1642,0
1643,0
1644,1
1645,2
1646,1
1647,0
1648,0
1649,0
1650,1
1651,0
1652,2
1653,0
1654,1
1655,0
1656,0
1657,1
1658,0
1659,0
1660,0
1661,0
1662,2
1663,1
1664,0
1665,0
1666,0
1667,1
1668,2
1669,0
1670,0
1671,1
1672,1
1673,2
1674,2
1675,2
1676,1
1677,0
1678,2
1679,1
1680,2
1681,1
1682,0
1683,2
1684,0
1685,1
1686,0
1687,1
1688,0
1689,0
1690,0
1691,0
1692,1
1693,0
1694,2
1695,0
1696,2
1697,1
1698,1
1699,0
1700,1
1701,1
1702,2
1703,1
1704,0
1705,0
1706,1
1707,0
1708,1
1709,0
1710,1
1711,0
1712,2
1713,0
1714,0
1715,2
1716,2
1717,0
1718,0
1719,1
1720,1
1721,0
1722,0
1723,2
1724,0
1725,0
1726,0
1727,2
1728,0
1729,2
1730,1
1731,2
1732,0
1733,2
1734,1
1735,1
1736,0
1737,1
1738,0
1739,1
1740,0
1741,0
1742,1
1743,1
1744,1
1745,1
1746,0
1747,0
1748,2
1749,1
1750,1
1751,1
1752,1
1753,1
1754,0
1755,0
1756,2
1757,1
1758,0
1759,0
1760,0
1761,1
1762,0
1763,0
1764,0
1765,0
1766,0
1767,0
1768,2
1769,0
1770,0
1771,0
1772,1
1773,0
1774,2
1775,0
1776,0
1777,0
1778,0
1779,2
1780,1
1781,1
1782,2
1783,0
1784,0
1785,2
1786,1
1787,2
1788,1
1789,0
1790,1
1791,1
1792,1
1793,1
1794,0
1795,0
1796,0
1797,0
1798,1
1799,1
1800,2
1801,0
1802,0
1803,0
1804,2
1805,0
1806,0
1807,1
1808,0
1809,1
1810,1
1811,2
1812,0
1813,1
1814,0
1815,1
1816,1
1817,1
1818,1
1819,0
1820,0
1821,1
1822,0
1823,1
1824,1
1825,0
1826,0
1827,1
1828,1
1829,0
1830,0
1831,0
1832,0
1833,1
1834,2
1835,1
1836,1
1837,2
1838,0
1839,0
1840,1
1841,2
1842,0
1843,2
1844,0
1845,0
1846,1
1847,0
1848,1
1849,0
1850,1
1851,2
1852,2
1853,0
1854,2
1855,0
1856,0
1857,1
1858,1
1859,0
1860,0
1861,2
1862,1
1863,1
1864,0
1865,2
1866,0
1867,2
1868,0
1869,0
1870,1
1871,2
1872,1
1873,0
1874,2
1875,0
1876,0
1877,0
1878,0
1879,0
1880,0
1881,1
1882,0
1883,1
1884,1
1885,0
1886,2
1887,2
1888,0
1889,2
1890,0
1891,0
1892,1
1893,0
1894,2
1895,1
1896,0
1897,0
1898,2
1899,0
1900,0
1901,1
1902,1
1903,1
1904,2
1905,2
1906,0
1907,2
1908,2
1909,1
1910,0
1911,1
1912,1
1913,0
1914,2
1915,1
1916,0
1917,0
1918,1
1919,1
1920,1
1921,1
1922,1
1923,1
1924,2
1925,0
1926,2
1927,0
1928,0
1929,1
1930,1
1931,1
1932,2
1933,2
1934,0
1935,1
1936,1
1937,0
1938,0
1939,2
1940,0
1941,1
1942,2
1943,1
1944,2
1945,1
1946,1
1947,1
1948,0
1949,0
1950,1
1951,0
1952,1
1953,2
1954,1
1955,0
1956,0
1957,2
1958,1
1959,2
1960,0
1961,0
1962,1
1963,2
1964,2
1965,2
1966,1
1967,1
1968,1
1969,1
1970,0
1971,0
1972,2
1973,0
1974,0
1975,1
1976,2
1977,1
1978,0
1979,2
1980,2
1981,1
1982,2
1983,2
1984,0
1985,1
1986,0
1987,0
1988,0
1989,1
1990,0
1991,1
1992,1
1993,1
1994,1
1995,0
1996,0
1997,1
1998,2
1999,0
2000,0
2001,0
2002,0
2003,0
2004,0
2005,1
2006,0
2007,2
2008,2
2009,1
2010,1
2011,1
2012,0
2013,0
2014,0
2015,2
2016,1
2017,0
2018,0
2019,0
2020,0
2021,1
2022,0
2023,0
2024,1
2025,0
2026,2
2027,0
2028,1
2029,2
2030,0
2031,1
2032,0
2033,0
2034,1
2035,2
2036,0
2037,0
2038,1
2039,1
2040,0
2041,1
2042,1
2043,0
2044,0
2045,0
2046,0
2047,0
2048,0
2049,1
2050,1
2051,1
2052,2
2053,0
2054,1
2055,0
2056,0
2057,0
2058,2
2059,2
2060,0
2061,0
2062,2
2063,1
2064,2
2065,0
2066,1
2067,2
2068,0
2069,2
2070,1
2071,0
2072,1
2073,0
2074,0
2075,0
2076,0
2077,1
2078,1
2079,0
2080,0
2081,0
2082,1
2083,2
2084,0
2085,0
2086,2
2087,0
2088,0
2089,1
2090,0
2091,2
2092,1
2093,2
2094,1
2095,2
2096,0
2097,1
2098,0
2099,0
2100,2
2101,1
2102,2
2103,0
2104,1
2105,0
2106,1
2107,0
2108,0
2109,0
2110,0
2111,0
2112,2
2113,0
2114,1
2115,0
2116,2
2117,2
2118,0
2119,0
2120,1
2121,2
2122,0
2123,1
2124,0
2125,1
2126,1
2127,0
2128,1
2129,1
2130,1
2131,1
2132,2
2133,0
2134,1
2135,1
2136,2
2137,2
2138,1
2139,0
2140,1
2141,0
2142,0
2143,1
2144,0
2145,0
2146,1
2147,0
2148,2
2149,0
2150,0
2151,1
2152,1
2153,0
2154,1
2155,1
2156,1
2157,1
2158,0
2159,2
2160,0
2161,0
2162,0
2163,1
2164,1
2165,1
2166,1
2167,0
2168,2
2169,1
2170,0
2171,2
2172,0
2173,0
2174,0
2175,0
2176,1
2177,0
2178,0
2179,2
2180,0
2181,1
2182,0
2183,0
2184,0
2185,0
2186,1
2187,0
2188,2
2189,2
2190,1
2191,2
2192,1
2193,0
2194,0
2195,2
2196,0
2197,1
2198,0
2199,0
2200,0
2201,0
2202,0
2203,0
2204,2
2205,0
2206,1
2207,0
2208,2
2209,1
2210,0
2211,2
2212,1
2213,2
2214,0
2215,0
2216,0
2217,0
2218,1
2219,0
2220,0
2221,2
2222,2
2223,2
2224,0
2225,0
2226,2
2227,2
2228,0
2229,1
2230,0
2231,1
2232,0
2233,0
2234,2
2235,0
2236,2
2237,0
2238,0
2239,0
2240,0
2241,1
2242,0
2243,0
2244,2
2245,0
2246,2
2247,1
2248,1
2249,0
2250,0
2251,1
2252,0
2253,1
2254,2
2255,1
2256,0
2257,2
2258,1
2259,2
2260,2
2261,0
2262,1
2263,2
2264,0
2265,1
2266,0
2267,1
2268,1
2269,1
2270,0
2271,0
2272,2
2273,0
2274,0
2275,1
2276,2
2277,1
2278,0
2279,2
2280,0
2281,0
2282,0
2283,0
2284,1
2285,0
2286,1
2287,2
2288,2
2289,0
2290,2
2291,1
2292,1
2293,2
2294,0
2295,2
2296,0
2297,0
2298,0
2299,2
2300,0
2301,0
2302,2
2303,0
2304,1
2305,0
2306,0
2307,1
2308,2
2309,1
2310,2
2311,0
2312,0
2313,2
2314,1
2315,1
2316,1
2317,2
2318,1
2319,0
2320,1
2321,0
2322,2
2323,0
2324,0
2325,2
2326,1
2327,2
2328,1
2329,0
2330,2
2331,2
2332,0
2333,0
2334,2
2335,1
2336,0
2337,2
2338,0
2339,2
2340,0
2341,0
2342,2
2343,1
2344,0
2345,0
2346,2
2347,0
2348,0
2349,1
2350,2
2351,0
2352,2
2353,2
2354,1
2355,1
2356,0
2357,1
2358,1
2359,2
2360,1
2361,1
2362,0
2363,0
2364,2
2365,2
2366,1
2367,1
2368,2
2369,1
2370,1
2371,1
2372,1
2373,2
2374,0
2375,2
2376,0
2377,1
2378,0
2379,1
2380,1
2381,1
2382,2
2383,0
2384,0
2385,0
2386,1
2387,2
2388,0
2389,0
2390,0
2391,1
2392,1
2393,2
2394,2
2395,0
2396,0
2397,1
2398,0
2399,0
2400,1
2401,2
2402,0
2403,0
2404,0
2405,0
2406,0
2407,0
2408,0
2409,0
2410,0
2411,0
2412,2
2413,0
2414,1
2415,0
2416,0
2417,0
2418,0
2419,2
2420,2
2421,1
2422,2
2423,0
2424,0
2425,2
2426,1
2427,0
2428,2
2429,0
2430,0
2431,1
2432,0
2433,2
2434,2
2435,1
2436,0
2437,2
2438,2
2439,2
2440,0
2441,1
2442,1
2443,2
2444,2
2445,2
2446,1
2447,1
2448,2
2449,0
2450,2
2451,0
2452,2
2453,1
2454,0
2455,2
2456,2
2457,1
2458,1
2459,1
2460,2
2461,2
2462,0
2463,1
2464,0
2465,1
2466,1
2467,1
2468,0
2469,2
2470,0
2471,0
2472,0
2473,0
2474,2
2475,2
2476,0
2477,1
2478,0
2479,1
2480,0
2481,1
2482,0
2483,2
2484,0
2485,0
2486,2
2487,0
2488,0
2489,2
2490,2
2491,0
2492,0
2493,0
2494,1
2495,1
2496,1
2497,2
2498,0
2499,1
2500,1
2501,1
2502,0
2503,2
2504,2
2505,0
2506,1
2507,2
2508,1
2509,1
2510,2
2511,0
2512,1
2513,0
2514,0
2515,2
2516,0
2517,2
2518,2
2519,2
2520,1
2521,0
2522,0
2523,2
2524,2
2525,2
2526,2
2527,2
2528,0
2529,0
2530,0
2531,1
2532,0
2533,0
2534,0
2535,2
2536,0
2537,1
2538,0
2539,1
2540,2
2541,0
2542,2
2543,1
2544,1
2545,0
2546,0
2547,0
2548,1
2549,2
2550,1
2551,1
2552,2
2553,1
2554,0
2555,0
2556,2
2557,0
2558,1
2559,0
2560,1
2561,1
2562,0
2563,1
2564,1
2565,2
2566,0
2567,0
2568,0
2569,0
2570,0
2571,0
2572,2
2573,0
2574,0
2575,1
2576,0
2577,0
2578,2
2579,2
2580,0
2581,0
2582,1
2583,0
2584,2
2585,1
2586,0
2587,0
2588,0
2589,0
2590,0
2591,1
2592,2
2593,0
2594,1
2595,2
2596,0
2597,0
2598,0
2599,1
2600,2
2601,1
2602,0
2603,0
2604,0
2605,1
2606,2
2607,2
2608,1
2609,1
2610,0
2611,1
2612,2
2613,1
2614,1
2615,1
2616,2
2617,0
2618,0
2619,0
2620,2
2621,2
2622,1
2623,1
2624,1
2625,0
2626,0
2627,2
2628,2
2629,0
2630,1
2631,0
2632,1
2633,1
2634,1
2635,1
2636,2
2637,0
2638,0
2639,0
2640,1
2641,0
2642,1
2643,1
2644,1
2645,0
2646,0
2647,0
2648,1
2649,0
2650,2
2651,1
2652,2
2653,1
2654,0
2655,1
2656,0
2657,0
2658,0
2659,1
2660,0
2661,2
2662,1
2663,0
2664,0
2665,2
2666,2
2667,0
2668,0
2669,0
2670,0
2671,0
2672,2
2673,0
2674,1
2675,1
2676,1
2677,1
2678,0
2679,0
2680,0
2681,0
2682,0
2683,1
2684,2
2685,0
2686,2
2687,0
2688,2
2689,0
2690,1
2691,0
2692,1
2693,1
2694,1
2695,1
2696,1
2697,1
2698,2
2699,1
2700,1
2701,2
2702,2
2703,0
2704,0
2705,0
2706,2
2707,2
2708,2
2709,1
2710,0
2711,1
2712,1
2713,0
2714,2
2715,1
2716,2
2717,1
2718,0
2719,1
2720,2
2721,0
2722,0
2723,0
2724,0
2725,0
2726,2
2727,0
2728,0
2729,2
2730,1
2731,2
2732,2
2733,0
2734,0
2735,0
2736,1
2737,1
2738,0
2739,0
2740,1
2741,0
2742,1
2743,0
2744,2
2745,2
2746,2
2747,2
2748,2
2749,2
2750,1
2751,0
2752,2
2753,2
2754,0
2755,0
2756,0
2757,2
2758,0
2759,1
2760,2
2761,1
2762,2
2763,1
2764,1
2765,1
2766,2
2767,0
2768,1
2769,2
2770,2
2771,1
2772,2
2773,1
2774,0
2775,0
2776,0
2777,2
2778,2
2779,2
2780,2
2781,0
2782,1
2783,0
2784,1
2785,1
2786,2
2787,0
2788,1
2789,2
2790,0
2791,1
2792,0
2793,2
2794,0
2795,0
2796,0
2797,2
2798,1
2799,0
2800,1
2801,2
2802,2
2803,2
2804,0
2805,0
2806,0
2807,0
2808,0
2809,0
2810,0
2811,0
2812,1
2813,2
2814,0
2815,2
2816,0
2817,1
2818,1
2819,1
2820,0
2821,1
2822,0
2823,0
2824,2
2825,1
2826,2
2827,1
2828,0
2829,0
2830,1
2831,0
2832,0
2833,1
2834,0
2835,2
2836,0
2837,2
2838,2
2839,0
2840,0
2841,1
2842,1
2843,0
2844,0
2845,1
2846,2
2847,0
2848,1
2849,1
2850,0
2851,1
2852,1
2853,0
2854,0
2855,2
2856,0
2857,0
2858,1
2859,0
2860,0
2861,1
2862,2
2863,0
2864,0
2865,1
2866,2
2867,0
2868,0
2869,1
2870,2
2871,2
2872,2
2873,1
2874,1
2875,0
2876,1
2877,2
2878,1
2879,1
2880,2
2881,1
2882,1
2883,0
2884,0
2885,2
2886,2
2887,1
2888,1
2889,1
2890,2
2891,0
2892,0
2893,2
2894,0
2895,0
2896,2
2897,1
2898,1
2899,0
2900,1
2901,2
2902,0
2903,1
2904,0
2905,1
2906,1
2907,2
2908,0
2909,0
2910,0
2911,1
2912,0
2913,0
2914,2
2915,0
2916,2
2917,1
2918,0
2919,0
2920,1
2921,2
2922,0
2923,0
2924,0
2925,1
2926,1
2927,2
2928,0
2929,0
2930,2
2931,2
2932,2
2933,2
2934,2
2935,0
2936,1
2937,2
2938,1
2939,0
2940,0
2941,0
2942,0
2943,2
2944,1
2945,1
2946,0
2947,2
2948,0
2949,0
2950,1
2951,1
2952,2
2953,2
2954,0
2955,1
2956,2
2957,2
2958,0
2959,2
2960,2
2961,0
2962,0
2963,1
2964,2
2965,0
2966,1
2967,0
2968,0
2969,0
2970,1
2971,0
2972,1
2973,0
2974,0
2975,0
2976,2
2977,2
2978,0
2979,1
2980,0
2981,0
2982,1
2983,1
2984,1
2985,0
2986,1
2987,1
2988,0
2989,0
2990,1
2991,2
2992,0
2993,1
2994,0
2995,1
2996,2
2997,0
2998,1
2999,0
3000,2
3001,2
3002,1
3003,1
3004,2
3005,2
3006,0
3007,1
3008,0
3009,0
3010,1
3011,1
3012,0
3013,0
3014,0
3015,2
3016,1
3017,1
3018,2
3019,0
3020,2
3021,1
3022,2
3023,0
3024,0
3025,2
3026,0
3027,1
3028,1
3029,1
3030,1
3031,0
3032,0
3033,0
3034,0
3035,2
3036,1
3037,2
3038,2
3039,0
3040,1
3041,0
3042,1
3043,0
3044,2
3045,1
3046,2
3047,0
3048,0
3049,1
3050,0
3051,1
3052,0
3053,1
3054,2
3055,0
3056,0
3057,0
3058,1
3059,1
3060,1
3061,0
3062,2
3063,1
3064,0
3065,1
3066,1
3067,1
3068,2
3069,1
3070,1
3071,2
3072,0
3073,0
3074,1
3075,0
3076,1
3077,1
3078,0
3079,0
3080,1
3081,2
3082,0
3083,2
3084,0
3085,2
3086,1
3087,1
3088,0
3089,0
3090,0
3091,0
3092,1
3093,2
3094,0
3095,1
3096,0
3097,0
3098,0
3099,0
3100,1
3101,1
3102,1
3103,2
3104,1
3105,1
3106,1
3107,0
3108,1
3109,0
3110,0
3111,2
3112,2
3113,1
3114,1
3115,1
3116,1
3117,1
3118,2
3119,2
3120,1
3121,0
3122,1
3123,2
3124,1
3125,1
3126,0
3127,2
3128,2
3129,0
3130,0
3131,0
3132,1
3133,2
3134,0
3135,0
3136,1
3137,0
3138,0
3139,1
3140,0
3141,1
3142,0
3143,1
3144,2
3145,2
3146,2
3147,1
3148,0
3149,0
3150,0
3151,0
3152,2
3153,0
3154,0
3155,0
3156,0
3157,2
3158,0
3159,0
3160,0
3161,0
3162,1
3163,2
3164,0
3165,0
3166,1
3167,1
3168,1
3169,1
3170,1
3171,1
3172,2
3173,0
3174,2
3175,0
3176,0
3177,2
3178,1
3179,1
3180,1
3181,2
3182,0
3183,0
3184,2
3185,0
3186,0
3187,1
3188,1
3189,0
3190,1
3191,0
3192,0
3193,0
3194,1
3195,2
3196,0
3197,2
3198,0
3199,1
3200,0
3201,0
3202,1
3203,0
3204,1
3205,0
3206,0
3207,1
3208,0
3209,1
3210,0
3211,2
3212,0
3213,0
3214,2
3215,0
3216,1
3217,0
3218,1
3219,2
3220,1
3221,0
3222,2
3223,2
3224,2
3225,0
3226,1
3227,1
3228,1
3229,0
3230,0
3231,1
3232,1
3233,0
3234,0
3235,1
3236,2
3237,0
3238,0
3239,0
3240,0
3241,2
3242,2
3243,2
3244,2
3245,0
3246,2
3247,1
3248,2
3249,1
3250,0
3251,1
3252,0
3253,2
3254,2
3255,1
3256,2
3257,0
3258,0
3259,1
3260,0
3261,0
3262,0
3263,1
3264,2
3265,0
3266,0
3267,0
3268,2
3269,0
3270,0
3271,0
3272,0
3273,1
3274,2
3275,0
3276,0
3277,0
3278,1
3279,1
3280,0
3281,1
3282,1
3283,2
3284,1
3285,0
3286,0
3287,2
3288,0
3289,0
3290,1
3291,0
3292,1
3293,2
3294,2
3295,0
3296,1
3297,2
3298,0
3299,0
3300,1
3301,2
3302,0
3303,1
3304,1
3305,1
3306,2
3307,0
3308,0
3309,2
3310,1
3311,2
3312,1
3313,0
3314,2
3315,0
3316,0
3317,0
3318,2
3319,1
3320,0
3321,2
3322,0
3323,0
3324,1
3325,2
3326,0
3327,2
3328,1
3329,0
3330,1
3331,2
3332,0
3333,0
3334,1
3335,2
3336,0
3337,0
3338,1
3339,0
3340,1
3341,1
3342,0
3343,0
3344,0
3345,0
3346,0
3347,0
3348,1
3349,1
3350,0
3351,0
3352,2
3353,1
3354,0
3355,1
3356,2
3357,0
3358,2
3359,2
3360,0
3361,0
3362,0
3363,0
3364,2
3365,2
3366,0
3367,1
3368,1
3369,0
3370,0
3371,1
3372,2
3373,2
3374,1
3375,1
3376,1
3377,1
3378,0
3379,2
3380,0
3381,1
3382,1
3383,0
3384,1
3385,0
3386,0
3387,1
3388,2
3389,1
3390,0
3391,1
3392,1
3393,2
3394,0
3395,0
3396,1
3397,0
3398,0
3399,0
3400,0
3401,0
3402,0
3403,1
3404,0
3405,1
3406,0
3407,0
3408,0
3409,1
3410,1
3411,2
3412,0
3413,1
3414,1
3415,0
3416,0
3417,0
3418,1
3419,1
3420,1
3421,0
3422,0
3423,1
3424,0
3425,0
3426,2
3427,2
3428,0
3429,0
3430,2
3431,2
3432,1
3433,0
3434,0
3435,1
3436,1
3437,1
3438,0
3439,1
3440,1
3441,0
3442,1
3443,0
3444,1
3445,2
3446,1
3447,0
3448,0
3449,2
3450,0
3451,0
3452,0
3453,2
3454,1
3455,0
3456,1
3457,2
3458,1
3459,0
3460,1
3461,1
3462,1
3463,2
3464,2
3465,0
3466,0
3467,0
3468,2
3469,0
3470,0
3471,0
3472,2
3473,2
3474,1
3475,2
3476,0
3477,2
3478,1
3479,1
3480,0
3481,0
3482,2
3483,2
3484,0
3485,2
3486,1
3487,0
3488,0
3489,0
3490,1
3491,1
3492,0
3493,2
3494,0
3495,1
3496,2
3497,0
3498,0
3499,1
3500,0
3501,1
3502,0
3503,1
3504,2
3505,0
3506,0
3507,0
3508,0
3509,1
3510,1
3511,1
3512,0
3513,2
3514,0
3515,0
3516,0
3517,2
3518,1
3519,1
3520,1
3521,0
3522,0
3523,0
3524,0
3525,2
3526,2
3527,0
3528,0
3529,2
3530,0
3531,0
3532,0
3533,2
3534,0
3535,2
3536,0
3537,0
3538,0
3539,0
3540,1
3541,0
3542,0
3543,0
3544,1
3545,1
3546,1
3547,1
3548,0
3549,0
3550,2
3551,1
3552,1
3553,0
3554,1
3555,0
3556,1
3557,2
3558,2
3559,1
3560,0
3561,1
3562,2
3563,1
3564,2
3565,0
3566,0
3567,0
3568,0
3569,0
3570,1
3571,0
3572,0
3573,1
3574,2
3575,1
3576,2
3577,0
3578,0
3579,0
3580,1
3581,2
3582,1
3583,0
3584,1
3585,1
3586,1
3587,2
3588,1
3589,0
3590,2
3591,1
3592,2
3593,1
3594,1
3595,0
3596,2
3597,0
3598,0
3599,0
3600,2
3601,1
3602,0
3603,2
3604,0
3605,0
3606,2
3607,0
3608,1
3609,2
3610,0
3611,1
3612,0
3613,0
3614,0
3615,0
3616,0
3617,1
3618,2
3619,0
3620,2
3621,0
3622,0
3623,2
3624,0
3625,0
3626,0
3627,0
3628,2
3629,1
3630,1
3631,1
3632,1
3633,0
3634,1
3635,1
3636,1
3637,1
3638,0
3639,0
3640,2
3641,0
3642,0
3643,1
3644,0
3645,0
3646,0
3647,1
3648,0
3649,0
3650,0
3651,1
3652,1
3653,0
3654,2
3655,1
3656,1
3657,1
3658,1
3659,1
3660,0
3661,0
3662,0
3663,0
3664,2
3665,0
3666,1
3667,0
3668,1
3669,2
3670,1
3671,2
3672,2
3673,1
3674,2
3675,2
3676,1
3677,0
3678,0
3679,0
3680,1
3681,0
3682,0
3683,2
3684,0
3685,0
3686,0
3687,1
3688,1
3689,1
3690,0
3691,2
3692,0
3693,1
3694,0
3695,2
3696,2
3697,1
3698,2
3699,1
3700,1
3701,0
3702,0
3703,2
3704,2
3705,0
3706,0
3707,2
3708,1
3709,0
3710,2
3711,0
3712,0
3713,2
3714,1
3715,1
3716,1
3717,0
3718,1
3719,0
3720,0
3721,0
3722,1
3723,1
3724,0
3725,0
3726,1
3727,2
3728,0
3729,2
3730,0
3731,0
3732,0
3733,1
3734,2
3735,0
3736,2
3737,1
3738,2
3739,1
3740,1
3741,0
3742,0
3743,2
3744,2
3745,0
3746,1
3747,2
3748,1
3749,0
3750,0
3751,0
3752,0
3753,1
3754,0
3755,1
3756,2
3757,1
3758,0
3759,0
3760,2
3761,0
3762,2
3763,0
3764,1
3765,2
3766,1
3767,1
3768,2
3769,0
3770,2
3771,2
3772,0
3773,1
3774,0
3775,0
3776,0
3777,0
3778,0
3779,0
3780,0
3781,0
3782,1
3783,1
3784,0
3785,0
3786,0
3787,2
3788,1
3789,1
3790,1
3791,0
3792,0
3793,0
3794,2
3795,2
3796,1
3797,2
3798,0
3799,2
3800,1
3801,2
3802,1
3803,0
3804,1
3805,0
3806,0
3807,2
3808,1
3809,1
3810,1
3811,2
3812,0
3813,1
3814,0
3815,1
3816,0
3817,0
3818,1
3819,1
3820,0
3821,0
3822,1
3823,1
3824,1
3825,0
3826,1
3827,1
3828,0
3829,1
3830,0
3831,2
3832,0
3833,0
3834,0
3835,0
3836,1
3837,0
3838,1
3839,0
3840,2
3841,0
3842,2
3843,2
3844,0
3845,0
3846,1
3847,0
3848,0
3849,1
3850,0
3851,0
3852,0
3853,1
3854,0
3855,0
3856,0
3857,0
3858,0
3859,1
3860,1
3861,0
3862,0
3863,0
3864,1
3865,0
3866,1
3867,2
3868,1
3869,0
3870,1
3871,2
3872,0
3873,1
3874,1
3875,1
3876,1
3877,2
3878,0
3879,2
3880,2
3881,0
3882,0
3883,1
3884,2
3885,0
3886,1
3887,0
3888,1
3889,0
3890,1
3891,1
3892,0
3893,0
3894,1
3895,0
3896,2
3897,1
3898,1
3899,1
3900,1
3901,2
3902,0
3903,0
3904,0
3905,2
3906,0
3907,0
3908,0
3909,0
3910,2
3911,1
3912,0
3913,0
3914,2
3915,0
3916,1
3917,1
3918,2
3919,0
3920,2
3921,0
3922,2
3923,2
3924,2
3925,0
3926,0
3927,1
3928,1
3929,0
3930,1
3931,1
3932,2
3933,1
3934,0
3935,0
3936,2
3937,0
3938,0
3939,0
3940,0
3941,0
3942,2
3943,2
3944,1
3945,1
3946,0
3947,0
3948,2
3949,0
3950,0
3951,0
3952,1
3953,0
3954,1
3955,0
3956,0
3957,0
3958,1
3959,0
3960,1
3961,0
3962,0
3963,1
3964,0
3965,0
3966,1
3967,0
3968,0
3969,1
3970,2
3971,0
3972,0
3973,1
3974,0
3975,2
3976,1
3977,0
3978,0
3979,0
3980,1
3981,0
3982,2
3983,2
3984,1
3985,0
3986,2
3987,0
3988,0
3989,0
3990,0
3991,0
3992,2
3993,0
3994,1
3995,0
3996,0
3997,0
3998,0
3999,2
4000,1
4001,1
4002,1
4003,2
4004,0
4005,0
4006,0
4007,2
4008,2
4009,2
4010,0
4011,2
4012,0
4013,1
4014,1
4015,2
4016,0
4017,0
4018,0
4019,2
4020,2
4021,0
4022,2
4023,1
4024,0
4025,0
4026,2
4027,0
4028,1
4029,0
4030,2
4031,2
4032,0
4033,1
4034,2
4035,1
4036,2
4037,0
4038,0
4039,1
4040,0
4041,0
4042,0
4043,1
4044,0
4045,1
4046,0
4047,2
4048,2
4049,0
4050,0
4051,2
4052,0
4053,0
4054,1
4055,0
4056,0
4057,1
4058,1
4059,0
4060,0
4061,0
4062,0
4063,0
4064,2
4065,0
4066,0
4067,1
4068,1
4069,2
4070,2
4071,0
4072,0
4073,1
4074,0
4075,1
4076,0
4077,1
4078,1
4079,0
4080,0
4081,1
4082,1
4083,2
4084,0
4085,0
4086,1
4087,0
4088,2
4089,0
4090,2
4091,0
4092,0
4093,0
4094,1
4095,1
4096,1
4097,0
4098,0
4099,0
4100,0
4101,1
4102,0
4103,2
4104,2
4105,1
4106,0
4107,0
4108,0
4109,0
4110,0
4111,1
4112,0
4113,1
4114,0
4115,0
4116,1
4117,2
4118,2
4119,0
4120,2
4121,1
4122,2
4123,2
4124,2
4125,1
4126,2
4127,1
4128,2
4129,0
4130,2
4131,1
4132,0
4133,0
4134,0
4135,1
4136,0
4137,0
4138,2
4139,2
4140,0
4141,1
4142,1
4143,0
4144,0
4145,2
4146,0
4147,0
4148,2
4149,1
4150,0
4151,2
4152,2
4153,0
4154,1
4155,1
4156,2
4157,0
4158,1
4159,0
4160,2
4161,2
4162,0
4163,0
4164,0
4165,2
4166,2
4167,0
4168,0
4169,0
4170,0
4171,1
4172,0
4173,1
4174,1
4175,1
4176,0
4177,1
4178,0
4179,1
4180,0
4181,2
4182,1
4183,2
4184,1
4185,1
4186,2
4187,1
4188,1
4189,0
4190,1
4191,0
4192,1
4193,1
4194,0
4195,0
4196,0
4197,0
4198,2
4199,0
4200,1
4201,1
4202,0
4203,0
4204,0
4205,2
4206,1
4207,1
4208,2
4209,1
4210,1
4211,1
4212,1
4213,2
4214,2
4215,0
4216,0
4217,0
4218,1
4219,1
4220,0
4221,1
4222,0
4223,1
4224,0
4225,0
4226,0
4227,0
4228,0
4229,0
4230,2
4231,1
4232,0
4233,2
4234,2
4235,1
4236,0
4237,0
4238,1
4239,1
4240,0
4241,0
4242,0
4243,0
4244,0
4245,0
4246,2
4247,1
4248,1
4249,1
4250,2
4251,0
4252,1
4253,1
4254,0
4255,0
4256,1
4257,1
4258,2
4259,2
4260,2
4261,2
4262,0
4263,0
4264,2
4265,0
4266,1
4267,2
4268,2
4269,1
4270,0
4271,1
4272,2
4273,1
4274,2
4275,0
4276,0
4277,1
4278,0
4279,1
4280,2
4281,0
4282,0
4283,1
4284,0
4285,1
4286,2
4287,0
4288,2
4289,2
4290,0
4291,0
4292,0
4293,2
4294,0
4295,2
4296,0
4297,0
4298,0
4299,1
4300,2
4301,1
4302,1
4303,0
4304,1
4305,2
4306,1
4307,0
4308,1
4309,2
4310,0
4311,1
4312,0
4313,0
4314,1
4315,0
4316,0
4317,0
4318,1
4319,0
4320,1
4321,1
4322,2
4323,0
4324,0
4325,1
4326,0
4327,2
4328,0
4329,1
4330,0
4331,1
4332,2
4333,1
4334,0
4335,1
4336,0
4337,0
4338,1
4339,0
4340,0
4341,1
4342,0
4343,0
4344,0
4345,2
4346,0
4347,0
4348,2
4349,0
4350,0
4351,1
4352,0
4353,0
4354,0
4355,2
4356,0
4357,0
4358,2
4359,1
4360,1
4361,0
4362,0
4363,2
4364,0
4365,0
4366,2
4367,0
4368,0
4369,0
4370,1
4371,2
4372,1
4373,1
4374,1
4375,2
4376,0
4377,1
4378,2
4379,1
4380,1
4381,1
4382,0
4383,0
4384,1
4385,2
4386,1
4387,0
4388,1
4389,1
4390,2
4391,1
4392,1
4393,1
4394,2
4395,1
4396,2
4397,0
4398,0
4399,0
4400,0
4401,1
4402,2
4403,1
4404,2
4405,1
4406,2
4407,0
4408,0
4409,1
4410,2
4411,1
4412,0
4413,0
4414,2
4415,0
4416,1
4417,0
4418,1
4419,1
4420,1
4421,0
4422,0
4423,1
4424,0
4425,1
4426,1
4427,1
4428,0
4429,1
4430,0
4431,0
4432,0
4433,0
4434,1
4435,0
4436,1
4437,2
4438,1
4439,2
4440,1
4441,2
4442,0
4443,1
4444,0
4445,2
4446,1
4447,0
4448,0
4449,1
4450,1
4451,2
4452,1
4453,0
4454,1
4455,0
4456,0
4457,0
4458,2
4459,0
4460,0
4461,0
4462,2
4463,0
4464,0
4465,2
4466,0
4467,1
4468,2
4469,0
4470,1
4471,1
4472,2
4473,1
4474,0
4475,0
4476,2
4477,1
4478,0
4479,1
4480,1
4481,0
4482,1
4483,2
4484,2
4485,0
4486,0
4487,2
4488,2
4489,1
4490,2
4491,1
4492,2
4493,0
4494,0
4495,0
4496,0
4497,1
4498,0
4499,0
4500,0
4501,0
4502,1
4503,1
4504,0
4505,0
4506,2
4507,0
4508,0
4509,0
4510,0
4511,2
4512,2
4513,1
4514,1
4515,2
4516,1
4517,1
4518,0
4519,0
4520,0
4521,1
4522,2
4523,0
4524,1
4525,2
4526,0
4527,2
4528,1
4529,0
4530,0
4531,1
4532,0
4533,0
4534,0
4535,2
4536,1
4537,0
4538,1
4539,1
4540,1
4541,2
4542,0
4543,1
4544,1
4545,2
4546,1
4547,1
4548,1
4549,1
4550,0
4551,2
4552,2
4553,0
4554,2
4555,2
4556,0
4557,0
4558,2
4559,2
4560,1
4561,2
4562,1
4563,1
4564,2
4565,1
4566,2
4567,2
4568,0
4569,2
4570,1
4571,2
4572,0
4573,0
4574,2
4575,1
4576,0
4577,1
4578,1
4579,0
4580,2
4581,0
4582,1
4583,0
4584,1
4585,2
4586,2
4587,1
4588,0
4589,0
4590,0
4591,0
4592,2
4593,0
4594,1
4595,0
4596,2
4597,1
4598,0
4599,2
4600,1
4601,0
4602,1
4603,1
4604,1
4605,1
4606,0
4607,2
4608,1
4609,1
4610,2
4611,1
4612,2
4613,0
4614,0
4615,0
4616,2
4617,0
4618,1
4619,1
4620,1
4621,2
4622,0
4623,1
4624,2
4625,2
4626,1
4627,0
4628,0
4629,0
4630,2
4631,1
4632,0
4633,1
4634,0
4635,2
4636,0
4637,0
4638,0
4639,1
4640,0
4641,2
4642,1
4643,1
4644,0
4645,1
4646,0
4647,0
4648,0
4649,0
4650,1
4651,1
4652,2
4653,2
4654,1
4655,0
4656,1
4657,0
4658,1
4659,0
4660,0
4661,2
4662,0
4663,0
4664,0
4665,1
4666,0
4667,2
4668,0
4669,0
4670,1
4671,1
4672,0
4673,2
4674,2
4675,0
4676,0
4677,1
4678,0
4679,1
4680,0
4681,2
4682,2
4683,1
4684,0
4685,2
4686,0
4687,0
4688,0
4689,2
4690,1
4691,0
4692,0
4693,0
4694,0
4695,1
4696,0
4697,1
4698,0
4699,2
4700,1
4701,1
4702,2
4703,0
4704,2
4705,0
4706,0
4707,2
4708,1
4709,2
4710,1
4711,0
4712,2
4713,1
4714,1
4715,1
4716,0
4717,0
4718,1
4719,2
4720,1
4721,1
4722,2
4723,1
4724,1
4725,1
4726,2
4727,1
4728,0
4729,0
4730,2
4731,0
4732,1
4733,2
4734,2
4735,2
4736,2
4737,0
4738,1
4739,0
4740,1
4741,1
4742,0
4743,0
4744,1
4745,0
4746,1
4747,1
4748,2
4749,2
4750,2
4751,0
4752,2
4753,2
4754,1
4755,1
4756,1
4757,2
4758,1
4759,0
4760,0
4761,0
4762,2
4763,1
4764,2
4765,1
4766,2
4767,0
4768,1
4769,1
4770,2
4771,1
4772,0
4773,1
4774,0
4775,0
4776,0
4777,0
4778,0
4779,1
4780,0
4781,0
4782,1
4783,1
4784,0
4785,1
4786,0
4787,1
4788,0
4789,0
4790,0
4791,2
4792,2
4793,0
4794,2
4795,0
4796,0
4797,1
4798,0
4799,2
4800,1
4801,1
4802,0
4803,2
4804,2
4805,2
4806,0
4807,0
4808,0
4809,0
4810,1
4811,0
4812,0
4813,1
4814,1
4815,1
4816,0
4817,1
4818,2
4819,1
4820,2
4821,1
4822,1
4823,0
4824,1
4825,0
4826,0
4827,1
4828,2
4829,2
4830,1
4831,1
4832,0
4833,1
4834,1
4835,2
4836,0
4837,0
4838,0
4839,0
4840,0
4841,2
4842,0
4843,1
4844,1
4845,0
4846,0
4847,0
4848,2
4849,2
4850,0
4851,0
4852,2
4853,2
4854,2
4855,0
4856,0
4857,0
4858,2
4859,1
4860,1
4861,0
4862,0
4863,1
4864,0
4865,0
4866,0
4867,0
4868,0
4869,2
4870,2
4871,2
4872,1
4873,1
4874,0
4875,0
4876,0
4877,0
4878,1
4879,0
4880,2
4881,0
4882,0
4883,1
4884,1
4885,0
4886,0
4887,1
4888,1
4889,2
4890,0
4891,0
4892,0
4893,1
4894,0
4895,0
4896,0
4897,1
4898,2
4899,0
4900,2
4901,2
4902,1
4903,0
4904,0
4905,0
4906,0
4907,0
4908,1
4909,0
4910,1
4911,0
4912,0
4913,1
4914,2
4915,0
4916,1
4917,1
4918,1
4919,1
4920,0
4921,2
4922,2
4923,1
4924,0
4925,1
4926,1
4927,0
4928,0
4929,0
4930,1
4931,1
4932,0
4933,0
4934,0
4935,0
4936,1
4937,0
4938,1
4939,0
4940,2
4941,0
4942,2
4943,1
4944,1
4945,2
4946,0
4947,1
4948,2
4949,0
4950,0
4951,2
4952,0
4953,2
4954,0
4955,2
4956,2
4957,1
4958,2
4959,1
4960,0
4961,0
4962,1
4963,1
4964,1
4965,2
4966,2
4967,0
4968,1
4969,1
4970,0
4971,1
4972,1
4973,1
4974,1
4975,2
4976,1
4977,2
4978,0
4979,1
4980,0
4981,2
4982,0
4983,0
4984,2
4985,1
4986,1
4987,1
4988,0
4989,0
4990,1
4991,0
4992,0
4993,0
4994,0
4995,1
4996,0
4997,0
4998,2
4999,1
5000,2
5001,1
5002,1
5003,2
5004,0
5005,0
5006,0
5007,1
5008,0
5009,0
5010,2
5011,0
5012,0
5013,2
5014,0
5015,0
5016,0
5017,1
5018,1
5019,1
5020,2
5021,1
5022,1
5023,1
5024,2
5025,1
5026,2
5027,2
5028,1
5029,1
5030,0
5031,0
5032,2
5033,1
5034,1
5035,0
5036,0
5037,0
5038,2
5039,1
5040,1
5041,0
5042,2
5043,0
5044,0
5045,0
5046,2
5047,0
5048,2
5049,0
5050,2
5051,0
5052,2
5053,0
5054,1
5055,2
5056,0
5057,0
5058,2
5059,1
5060,0
5061,0
5062,0
5063,0
5064,2
5065,1
5066,1
5067,2
5068,2
5069,0
5070,0
5071,0
5072,0
5073,1
5074,2
5075,1
5076,2
5077,0
5078,1
5079,1
5080,2
5081,0
5082,2
5083,2
5084,0
5085,0
5086,1
5087,1
5088,1
5089,0
5090,1
5091,2
5092,1
5093,0
5094,1
5095,2
5096,2
5097,2
5098,1
5099,2
5100,2
5101,2
5102,0
5103,0
5104,2
5105,1
5106,0
5107,1
5108,0
5109,1
5110,2
5111,2
5112,1
5113,0
5114,0
5115,2
5116,1
5117,0
5118,0
5119,0
5120,2
5121,0
5122,2
5123,0
5124,1
5125,2
5126,1
5127,1
5128,1
5129,0
5130,0
5131,0
5132,2
5133,0
5134,0
5135,1
5136,1
5137,2
5138,0
5139,1
5140,1
5141,2
5142,2
5143,0
5144,0
5145,0
5146,0
5147,1
5148,0
5149,0
5150,1
5151,2
5152,1
5153,0
5154,2
5155,2
5156,2
5157,1
5158,0
5159,1
5160,1
5161,0
5162,0
5163,1
5164,0
5165,0
5166,0
5167,1
5168,1
5169,1
5170,0
5171,2
5172,0
5173,2
5174,0
5175,0
5176,0
5177,1
5178,2
5179,0
5180,1
5181,1
5182,0
5183,0
5184,0
5185,1
5186,1
5187,0
5188,1
5189,1
5190,1
5191,0
5192,2
5193,2
5194,1
5195,0
5196,2
5197,2
5198,0
5199,1
5200,1
5201,0
5202,0
5203,0
5204,0
5205,1
5206,0
5207,0
5208,2
5209,0
5210,2
5211,1
5212,0
5213,1
5214,0
5215,1
5216,0
5217,0
5218,0
5219,1
5220,0
5221,0
5222,1
5223,0
5224,0
5225,0
5226,0
5227,0
5228,0
5229,0
5230,1
5231,0
5232,0
5233,0
5234,0
5235,0
5236,0
5237,2
5238,1
5239,0
5240,1
5241,2
5242,2
5243,2
5244,0
5245,1
5246,0
5247,2
5248,1
5249,0
5250,2
5251,2
5252,1
5253,0
5254,0
5255,1
5256,0
5257,0
5258,0
5259,1
5260,0
5261,0
5262,2
5263,0
5264,0
5265,0
5266,0
5267,0
5268,2
5269,1
5270,0
5271,1
5272,0
5273,1
5274,0
5275,1
5276,0
5277,1
5278,0
5279,1
5280,0
5281,0
5282,1
5283,1
5284,1
5285,0
5286,0
5287,1
5288,2
5289,0
5290,0
5291,0
5292,0
5293,2
5294,0
5295,1
5296,1
5297,0
5298,1
5299,1
5300,2
5301,2
5302,2
5303,2
5304,0
5305,1
5306,0
5307,1
5308,1
5309,0
5310,1
5311,0
5312,1
5313,1
5314,0
5315,0
5316,2
5317,0
5318,1
5319,1
5320,2
5321,1
5322,0
5323,2
5324,1
5325,1
5326,2
5327,0
5328,0
5329,1
5330,0
5331,1
5332,1
5333,2
5334,1
5335,0
5336,0
5337,0
5338,2
5339,0
5340,0
5341,0
5342,0
5343,2
5344,1
5345,0
5346,2
5347,0
5348,0
5349,0
5350,0
5351,0
5352,0
5353,0
5354,0
5355,0
5356,2
5357,2
5358,2
5359,1
5360,0
5361,1
5362,2
5363,1
5364,0
5365,1
5366,2
5367,2
5368,1
5369,0
5370,1
5371,1
5372,0
5373,0
5374,0
5375,0
5376,2
5377,0
5378,1
5379,1
5380,0
5381,0
5382,2
5383,1
5384,0
5385,0
5386,2
5387,1
5388,0
5389,0
5390,1
5391,2
5392,2
5393,1
5394,0
5395,1
5396,2
5397,1
5398,0
5399,0
5400,0
5401,0
5402,2
5403,0
5404,2
5405,1
5406,2
5407,2
5408,1
5409,1
5410,2
5411,1
5412,0
5413,2
5414,0
5415,2
5416,2
5417,0
5418,2
5419,1
5420,0
5421,1
5422,0
5423,0
5424,1
5425,0
5426,2
5427,0
5428,0
5429,1
5430,1
5431,0
5432,0
5433,0
5434,1
5435,0
5436,0
5437,0
5438,0
5439,1
5440,0
5441,0
5442,0
5443,0
5444,0
5445,1
5446,1
5447,2
5448,2
5449,0
5450,0
5451,0
5452,1
5453,1
5454,0
5455,1
5456,0
5457,1
5458,0
5459,1
5460,2
5461,0
5462,2
5463,1
5464,0
5465,0
5466,1
5467,2
5468,0
5469,0
5470,0
5471,2
5472,2
5473,0
5474,1
5475,0
5476,1
5477,0
5478,2
5479,1
5480,2
5481,1
5482,1
5483,0
5484,0
5485,0
5486,0
5487,0
5488,1
5489,0
5490,0
5491,0
5492,1
5493,0
5494,0
5495,0
5496,0
5497,2
5498,2
5499,0
5500,1
5501,1
5502,0
5503,1
5504,1
5505,2
5506,0
5507,1
5508,0
5509,1
5510,1
5511,2
5512,0
5513,2
5514,2
5515,0
5516,0
5517,1
5518,2
5519,1
5520,1
5521,0
5522,2
5523,1
5524,1
5525,1
5526,0
5527,0
5528,0
5529,1
5530,1
5531,2
5532,0
5533,2
5534,0
5535,0
5536,0
5537,1
5538,1
5539,1
5540,1
5541,0
5542,2
5543,0
5544,0
5545,1
5546,2
5547,1
5548,0
5549,0
5550,1
5551,2
5552,1
5553,0
5554,2
5555,2
5556,2
5557,0
5558,1
5559,2
5560,0
5561,0
5562,0
5563,0
5564,0
5565,0
5566,2
5567,2
5568,0
5569,0
5570,0
5571,1
5572,0
5573,1
5574,0
5575,0
5576,2
5577,2
5578,1
5579,0
5580,0
5581,0
5582,0
5583,0
5584,1
5585,0
5586,1
5587,0
5588,0
5589,1
5590,0
5591,1
5592,2
5593,2
5594,0
5595,0
5596,0
5597,2
5598,2
5599,0
5600,0
5601,0
5602,1
5603,0
5604,2
5605,1
5606,0
5607,2
5608,2
5609,0
5610,1
5611,0
5612,0
5613,0
5614,2
5615,1
5616,1
5617,0
5618,1
5619,2
5620,2
5621,1
5622,0
5623,0
5624,1
5625,2
5626,1
5627,0
5628,2
5629,0
5630,0
5631,1
5632,0
5633,0
5634,2
5635,2
5636,2
5637,0
5638,0
5639,1
5640,1
5641,0
5642,0
5643,2
5644,2
5645,0
5646,0
5647,1
5648,2
5649,0
5650,2
5651,0
5652,0
5653,0
5654,2
5655,0
5656,0
5657,0
5658,2
5659,0
5660,2
5661,0
5662,1
5663,0
5664,2
5665,1
5666,2
5667,2
5668,1
5669,1
5670,1
5671,0
5672,1
5673,2
5674,2
5675,2
5676,1
5677,1
5678,0
5679,1
5680,0
5681,0
5682,0
5683,2
5684,1
5685,0
5686,1
5687,0
5688,1
5689,1
5690,1
5691,2
5692,1
5693,1
5694,0
5695,1
5696,0
5697,2
5698,2
5699,2
5700,0
5701,2
5702,1
5703,0
5704,1
5705,1
5706,2
5707,0
5708,0
5709,1
5710,1
5711,0
5712,1
5713,0
5714,0
5715,0
5716,1
5717,2
5718,1
5719,0
5720,2
5721,2
5722,0
5723,1
5724,0
5725,0
5726,1
5727,1
5728,0
5729,1
5730,0
5731,0
5732,0
5733,0
5734,0
5735,1
5736,0
5737,1
5738,0
5739,0
5740,0
5741,1
5742,1
5743,0
5744,1
5745,0
5746,0
5747,1
5748,2
5749,2
5750,0
5751,2
5752,0
5753,0
5754,2
5755,0
5756,2
5757,0
5758,0
5759,0
5760,1
5761,0
5762,1
5763,2
5764,2
5765,2
5766,0
5767,0
5768,0
5769,2
5770,2
5771,1
5772,0
5773,0
5774,2
5775,0
5776,1
5777,0
5778,1
5779,1
5780,2
5781,1
5782,1
5783,0
5784,0
5785,1
5786,0
5787,0
5788,0
5789,2
5790,2
5791,2
5792,1
5793,1
5794,1
5795,0
5796,2
5797,0
5798,2
5799,0
5800,1
5801,1
5802,1
5803,0
5804,0
5805,1
5806,2
5807,2
5808,1
5809,0
5810,2
5811,0
5812,1
5813,1
5814,2
5815,1
5816,0
5817,1
5818,1
5819,1
5820,1
5821,1
5822,0
5823,0
5824,1
5825,1
5826,2
5827,0
5828,0
5829,2
5830,1
5831,1
5832,0
5833,2
5834,1
5835,1
5836,1
5837,0
5838,0
5839,2
5840,0
5841,1
5842,2
5843,1
5844,0
5845,1
5846,2
5847,1
5848,0
5849,2
5850,0
5851,0
5852,2
5853,0
5854,1
5855,0
5856,0
5857,2
5858,1
5859,1
5860,0
5861,0
5862,1
5863,0
5864,0
5865,1
5866,1
5867,0
5868,0
5869,0
5870,1
5871,2
5872,2
5873,0
5874,2
5875,0
5876,2
5877,0
5878,1
5879,1
5880,0
5881,1
5882,0
5883,0
5884,1
5885,1
5886,0
5887,2
5888,1
5889,0
5890,1
5891,0
5892,2
5893,1
5894,1
5895,0
5896,1
5897,0
5898,1
5899,2
5900,1
5901,2
5902,0
5903,1
5904,1
5905,0
5906,1
5907,2
5908,0
5909,1
5910,0
5911,2
5912,0
5913,0
5914,0
5915,1
5916,0
5917,0
5918,1
5919,1
5920,1
5921,1
5922,0
5923,2
5924,1
5925,2
5926,0
5927,2
5928,0
5929,1
5930,2
5931,2
5932,1
5933,2
5934,0
5935,0
5936,0
5937,1
5938,1
5939,1
5940,0
5941,1
5942,2
5943,0
5944,0
5945,2
5946,0
5947,2
5948,0
5949,0
5950,0
5951,2
5952,2
5953,2
5954,1
5955,2
5956,0
5957,1
5958,1
5959,0
5960,1
5961,0
5962,2
5963,0
5964,2
5965,1
5966,0
5967,0
5968,2
5969,0
5970,2
5971,0
5972,0
5973,0
5974,1
5975,1
5976,0
5977,1
5978,1
5979,2
5980,2
5981,2
5982,0
5983,2
5984,0
5985,2
5986,1
5987,1
5988,0
5989,1
5990,0
5991,2
5992,0
5993,0
5994,1
5995,1
5996,1
5997,2
5998,1
5999,0
6000,0
6001,0
6002,1
6003,2
6004,1
6005,1
6006,2
6007,0
6008,2
6009,1
6010,1
6011,1
6012,0
6013,1
6014,1
6015,0
6016,1
6017,2
6018,1
6019,0
6020,2
6021,1
6022,0
6023,1
6024,0
6025,0
6026,0
6027,1
6028,0
6029,2
6030,1
6031,1
6032,1
6033,0
6034,0
6035,1
6036,1
6037,1
6038,2
6039,0
6040,0
6041,0
6042,0
6043,0
6044,0
6045,0
6046,0
6047,1
6048,1
6049,1
6050,2
6051,1
6052,0
6053,1
6054,2
6055,1
6056,0
6057,1
6058,1
6059,1
6060,2
6061,0
6062,2
6063,0
6064,0
6065,2
6066,0
6067,1
6068,0
6069,0
6070,0
6071,0
6072,1
6073,2
6074,1
6075,0
6076,0
6077,2
6078,2
6079,0
6080,1
6081,0
6082,2
6083,0
6084,2
6085,0
6086,0
6087,2
6088,0
6089,2
6090,0
6091,0
6092,0
6093,0
6094,2
6095,0
6096,0
6097,0
6098,0
6099,2
6100,1
6101,1
6102,0
6103,0
6104,2
6105,0
6106,2
6107,0
6108,0
6109,0
6110,1
6111,1
6112,2
6113,1
6114,1
6115,2
6116,2
6117,1
6118,0
6119,1
6120,2
6121,0
6122,2
6123,1
6124,0
6125,2
6126,1
6127,1
6128,1
6129,0
6130,0
6131,0
6132,1
6133,2
6134,2
6135,0
6136,2
6137,2
6138,0
6139,0
6140,0
6141,0
6142,1
6143,2
6144,0
6145,0
6146,1
6147,1
6148,0
6149,0
6150,0
6151,0
6152,1
6153,1
6154,1
6155,2
6156,2
6157,1
6158,2
6159,0
6160,2
6161,0
6162,0
6163,1
6164,0
6165,0
6166,1
6167,2
6168,0
6169,0
6170,1
6171,2
6172,0
6173,0
6174,0
6175,0
6176,0
6177,1
6178,0
6179,1
6180,1
6181,0
6182,2
6183,1
6184,0
6185,0
6186,0
6187,1
6188,0
6189,1
6190,2
6191,1
6192,0
6193,1
6194,0
6195,0
6196,0
6197,0
6198,1
6199,1
6200,1
6201,2
6202,0
6203,2
6204,2
6205,1
6206,1
6207,1
6208,1
6209,1
6210,1
6211,0
6212,0
6213,1
6214,2
6215,0
6216,0
6217,0
6218,0
6219,1
6220,0
6221,2
6222,0
6223,0
6224,1
6225,2
6226,2
6227,1
6228,2
6229,0
6230,0
6231,1
6232,2
6233,1
6234,0
6235,2
6236,1
6237,0
6238,1
6239,0
6240,2
6241,2
6242,1
6243,0
6244,0
6245,2
6246,2
6247,0
6248,1
6249,0
6250,0
6251,1
6252,1
6253,0
6254,1
6255,0
6256,1
6257,0
6258,0
6259,2
6260,0
6261,2
6262,1
6263,0
6264,0
6265,1
6266,2
6267,0
6268,1
6269,1
6270,0
6271,1
6272,1
6273,0
6274,1
6275,0
6276,0
6277,0
6278,0
6279,1
6280,0
6281,0
6282,1
6283,1
6284,2
6285,1
6286,0
6287,1
6288,0
6289,0
6290,1
6291,2
6292,1
6293,0
6294,0
6295,0
6296,0
6297,1
6298,1
6299,1
6300,0
6301,1
6302,0
6303,1
6304,2
6305,1
6306,1
6307,2
6308,0
6309,0
6310,1
6311,1
6312,0
6313,0
6314,1
6315,0
6316,0
6317,2
6318,0
6319,1
6320,0
6321,2
6322,0
6323,2
6324,0
6325,0
6326,0
6327,1
6328,1
6329,1
6330,1
6331,0
6332,1
6333,0
6334,0
6335,0
6336,0
6337,0
6338,2
6339,2
6340,1
6341,1
6342,0
6343,0
6344,0
6345,1
6346,0
6347,0
6348,2
6349,2
6350,0
6351,1
6352,0
6353,1
6354,2
6355,2
6356,2
6357,0
6358,0
6359,1
6360,0
6361,2
6362,2
6363,1
6364,0
6365,0
6366,1
6367,2
6368,0
6369,0
6370,2
6371,1
6372,0
6373,0
6374,1
6375,0
6376,2
6377,1
6378,0
6379,1
6380,1
6381,1
6382,1
6383,2
6384,1
6385,1
6386,0
6387,1
6388,1
6389,1
6390,0
6391,1
6392,2
6393,0
6394,0
6395,0
6396,2
6397,1
6398,0
6399,0
6400,1
6401,2
6402,0
6403,2
6404,2
6405,2
6406,0
6407,2
6408,0
6409,0
6410,0
6411,0
6412,0
6413,0
6414,0
6415,0
6416,0
6417,1
6418,0
6419,2
6420,0
6421,2
6422,1
6423,0
6424,0
6425,1
6426,0
6427,1
6428,1
6429,0
6430,0
6431,2
6432,1
6433,1
6434,1
6435,2
6436,0
6437,1
6438,2
6439,2
6440,0
6441,2
6442,0
6443,2
6444,2
6445,0
6446,0
6447,0
6448,0
6449,0
6450,0
6451,0
6452,2
6453,0
6454,1
6455,2
6456,2
6457,0
6458,0
6459,0
6460,2
6461,0
6462,2
6463,2
6464,2
6465,0
6466,2
6467,1
6468,2
6469,2
6470,0
6471,0
6472,1
6473,1
6474,0
6475,1
6476,0
6477,1
6478,1
6479,1
6480,2
6481,1
6482,0
6483,2
6484,1
6485,2
6486,0
6487,1
6488,0
6489,0
6490,2
6491,0
6492,2
6493,2
6494,1
6495,0
6496,0
6497,0
6498,0
6499,2
6500,0
6501,0
6502,1
6503,0
6504,0
6505,1
6506,2
6507,0
6508,0
6509,1
6510,1
6511,2
6512,1
6513,0
6514,0
6515,2
6516,0
6517,0
6518,1
6519,0
6520,1
6521,0
6522,0
6523,0
6524,0
6525,0
6526,2
6527,1
6528,0
6529,0
6530,0
6531,1
6532,1
6533,2
6534,1
6535,2
6536,2
6537,0
6538,0
6539,1
6540,0
6541,0
6542,2
6543,1
6544,1
6545,0
6546,0
6547,2
6548,0
6549,0
6550,1
6551,2
6552,0
6553,0
6554,2
6555,0
6556,0
6557,1
6558,0
6559,1
6560,1
6561,2
6562,0
6563,2
6564,1
6565,1
6566,0
6567,2
6568,2
6569,1
6570,2
6571,1
6572,0
6573,0
6574,0
6575,0
6576,0
6577,0
6578,2
6579,1
6580,1
6581,0
6582,0
6583,2
6584,2
6585,1
6586,1
6587,0
6588,0
6589,0
6590,2
6591,0
6592,0
6593,0
6594,0
6595,2
6596,0
6597,0
6598,0
6599,0
6600,0
6601,2
6602,2
6603,2
6604,1
6605,2
6606,2
6607,0
6608,1
6609,1
6610,0
6611,1
6612,2
6613,1
6614,1
6615,1
6616,1
6617,1
6618,2
6619,0
6620,1
6621,0
6622,2
6623,1
6624,2
6625,1
6626,2
6627,1
6628,1
6629,2
6630,1
6631,1
6632,2
6633,0
6634,0
6635,1
6636,1
6637,0
6638,2
6639,1
6640,0
6641,1
6642,0
6643,1
6644,1
6645,0
6646,2
6647,2
6648,1
6649,0
6650,2
6651,1
6652,1
6653,0
6654,0
6655,2
6656,1
6657,0
6658,0
6659,0
6660,1
6661,0
6662,2
6663,1
6664,2
6665,1
6666,0
6667,0
6668,0
6669,2
6670,0
6671,2
6672,1
6673,0
6674,2
6675,1
6676,0
6677,2
6678,1
6679,2
6680,1
6681,2
6682,1
6683,0
6684,0
6685,0
6686,0
6687,1
6688,2
6689,0
6690,1
6691,0
6692,0
6693,1
6694,0
6695,0
6696,1
6697,2
6698,0
6699,2
6700,2
6701,0
6702,0
6703,0
6704,1
6705,0
6706,1
6707,0
6708,0
6709,0
6710,0
6711,0
6712,2
6713,0
6714,0
6715,0
6716,0
6717,2
6718,0
6719,0
6720,2
6721,0
6722,0
6723,0
6724,0
6725,0
6726,0
6727,2
6728,1
6729,1
6730,1
6731,0
6732,0
6733,0
6734,0
6735,0
6736,0
6737,1
6738,1
6739,1
6740,0
6741,0
6742,0
6743,0
6744,1
6745,0
6746,0
6747,2
6748,0
6749,0
6750,2
6751,0
6752,1
6753,1
6754,1
6755,0
6756,0
6757,0
6758,2
6759,0
6760,2
6761,0
6762,2
6763,0
6764,0
6765,0
6766,1
6767,2
6768,0
6769,2
6770,0
6771,1
6772,0
6773,0
6774,0
6775,1
6776,0
6777,2
6778,1
6779,1
6780,0
6781,0
6782,1
6783,0
6784,0
6785,0
6786,2
6787,1
6788,0
6789,0
6790,0
6791,0
6792,1
6793,1
6794,1
6795,2
6796,2
6797,0
6798,0
6799,0
6800,1
6801,2
6802,0
6803,1
6804,2
6805,0
6806,0
6807,1
6808,0
6809,0
6810,1
6811,0
6812,1
6813,1
6814,1
6815,0
6816,0
6817,0
6818,1
6819,0
6820,0
6821,2
6822,0
6823,0
6824,1
6825,2
6826,1
6827,0
6828,1
6829,1
6830,2
6831,1
6832,2
6833,1
6834,1
6835,2
6836,2
6837,1
6838,0
6839,2
6840,0
6841,0
6842,0
6843,1
6844,2
6845,2
6846,0
6847,1
6848,0
6849,0
6850,0
6851,0
6852,0
6853,1
6854,0
6855,1
6856,0
6857,1
6858,0
6859,0
6860,1
6861,2
6862,2
6863,0
6864,1
6865,0
6866,0
6867,2
6868,0
6869,0
6870,1
6871,0
6872,2
6873,2
6874,0
6875,2
6876,0
6877,2
6878,1
6879,0
6880,0
6881,0
6882,0
6883,1
6884,2
6885,0
6886,0
6887,1
6888,1
6889,0
6890,0
6891,1
6892,2
6893,2
6894,2
6895,1
6896,0
6897,0
6898,0
6899,2
6900,0
6901,2
6902,0
6903,2
6904,0
6905,0
6906,0
6907,2
6908,1
6909,1
6910,2
6911,0
6912,0
6913,1
6914,1
6915,1
6916,0
6917,0
6918,2
6919,1
6920,0
6921,0
6922,0
6923,1
6924,0
6925,0
6926,2
6927,0
6928,1
6929,2
6930,2
6931,2
6932,1
6933,2
6934,0
6935,1
6936,2
6937,0
6938,1
6939,1
6940,0
6941,0
6942,0
6943,0
6944,0
6945,1
6946,0
6947,2
6948,0
6949,1
6950,1
6951,1
6952,0
6953,2
6954,1
6955,0
6956,1
6957,1
6958,1
6959,1
6960,0
6961,1
6962,2
6963,0
6964,0
6965,1
6966,0
6967,0
6968,2
6969,1
6970,1
6971,2
6972,2
6973,0
6974,0
6975,0
6976,1
6977,0
6978,0
6979,1
6980,2
6981,0
6982,1
6983,0
6984,0
6985,0
6986,1
6987,0
6988,0
6989,2
6990,0
6991,1
6992,2
6993,1
6994,0
6995,2
6996,0
6997,2
6998,0
6999,0
7000,1
7001,1
7002,0
7003,0
7004,1
7005,2
7006,2
7007,1
7008,0
7009,1
7010,0
7011,0
7012,1
7013,2
7014,2
7015,0
7016,0
7017,0
7018,0
7019,1
7020,1
7021,0
7022,0
7023,0
7024,2
7025,0
7026,0
7027,2
7028,1
7029,2
7030,1
7031,2
7032,0
7033,1
7034,1
7035,0
7036,0
7037,2
7038,1
7039,0
7040,2
7041,1
7042,0
7043,0
7044,2
7045,0
7046,1
7047,1
7048,0
7049,0
7050,1
7051,1
7052,1
7053,0
7054,0
7055,1
7056,2
7057,0
7058,0
7059,0
7060,1
7061,2
7062,1
7063,2
7064,1
7065,0
7066,1
7067,2
7068,1
7069,2
7070,0
7071,2
7072,1
7073,0
7074,0
7075,2
7076,1
7077,1
7078,2
7079,2
7080,2
7081,1
7082,0
7083,0
7084,2
7085,0
7086,0
7087,0
7088,2
7089,0
7090,2
7091,0
7092,2
7093,0
7094,0
7095,0
7096,1
7097,1
7098,0
7099,2
7100,2
7101,0
7102,2
7103,0
7104,0
7105,1
7106,1
7107,1
7108,0
7109,2
7110,0
7111,1
7112,0
7113,0
7114,2
7115,2
7116,2
7117,0
7118,2
7119,1
7120,0
7121,0
7122,2
7123,2
7124,1
7125,2
7126,1
7127,0
7128,2
7129,1
7130,0
7131,0
7132,1
7133,0
7134,0
7135,1
7136,0
7137,1
7138,0
7139,0
7140,1
7141,1
7142,1
7143,1
7144,1
7145,2
7146,0
7147,2
7148,2
7149,1
7150,1
7151,0
7152,0
7153,1
7154,0
7155,2
7156,2
7157,0
7158,1
7159,1
7160,1
7161,0
7162,1
7163,1
7164,1
7165,0
7166,0
7167,0
7168,1
7169,2
7170,0
7171,1
7172,1
7173,0
7174,2
7175,2
7176,0
7177,2
7178,0
7179,0
7180,0
7181,0
7182,2
7183,0
7184,0
7185,0
7186,0
7187,0
7188,1
7189,1
7190,0
7191,0
7192,1
7193,1
7194,1
7195,2
7196,1
7197,0
7198,0
7199,2
7200,1
7201,2
7202,0
7203,2
7204,0
7205,2
7206,1
7207,1
7208,1
7209,0
7210,1
7211,1
7212,1
7213,1
7214,2
7215,2
7216,0
7217,0
7218,2
7219,0
7220,0
7221,2
7222,1
7223,0
7224,0
7225,0
7226,2
7227,2
7228,2
7229,0
7230,0
7231,1
7232,0
7233,1
7234,2
7235,0
7236,2
7237,2
7238,1
7239,0
7240,0
7241,1
7242,1
7243,0
7244,1
7245,1
7246,0
7247,1
7248,1
7249,0
7250,0
7251,0
7252,1
7253,0
7254,0
7255,1
7256,0
7257,0
7258,1
7259,0
7260,1
7261,2
7262,1
7263,2
7264,2
7265,0
7266,1
7267,1
7268,0
7269,1
7270,0
7271,2
7272,0
7273,0
7274,2
7275,1
7276,1
7277,1
7278,0
7279,0
7280,1
7281,0
7282,2
7283,0
7284,0
7285,0
7286,0
7287,1
7288,0
7289,0
7290,0
7291,2
7292,1
7293,0
7294,0
7295,2
7296,0
7297,0
7298,0
7299,0
7300,2
7301,0
7302,1
7303,0
7304,0
7305,2
7306,0
7307,0
7308,2
7309,2
7310,2
7311,0
7312,0
7313,2
7314,2
7315,0
7316,1
7317,2
7318,1
7319,0
7320,1
7321,1
7322,0
7323,0
7324,2
7325,0
7326,0
7327,2
7328,0
7329,1
7330,0
7331,1
7332,0
7333,2
7334,0
7335,2
7336,0
7337,2
7338,0
7339,0
7340,0
7341,2
7342,2
7343,1
7344,0
7345,1
7346,0
7347,0
7348,1
7349,1
7350,2
7351,0
7352,0
7353,0
7354,0
7355,2
7356,0
7357,2
7358,0
7359,1
7360,2
7361,2
7362,0
7363,2
7364,0
7365,0
7366,0
7367,2
7368,2
7369,1
7370,1
7371,0
7372,0
7373,2
7374,0
7375,1
7376,1
7377,2
7378,1
7379,1
7380,0
7381,0
7382,0
7383,2
7384,0
7385,0
7386,0
7387,0
7388,0
7389,0
7390,0
7391,0
7392,1
7393,2
7394,1
7395,2
7396,0
7397,1
7398,1
7399,1
7400,2
7401,0
7402,0
7403,1
7404,1
7405,0
7406,2
7407,2
7408,0
7409,0
7410,0
7411,1
7412,0
7413,1
7414,2
7415,1
7416,1
7417,1
7418,0
7419,2
7420,2
7421,1
7422,0
7423,0
7424,0
7425,0
7426,1
7427,0
7428,0
7429,0
7430,0
7431,2
7432,0
7433,0
7434,0
7435,1
7436,2
7437,2
7438,1
7439,1
7440,0
7441,0
7442,1
7443,1
7444,0
7445,0
7446,1
7447,0
7448,0
7449,1
7450,2
7451,2
7452,1
7453,1
7454,2
7455,2
7456,2
7457,0
7458,2
7459,0
7460,1
7461,0
7462,1
7463,1
7464,1
7465,1
7466,0
7467,1
7468,1
7469,0
7470,0
7471,0
7472,0
7473,0
7474,2
7475,2
7476,0
7477,2
7478,2
7479,1
7480,0
7481,1
7482,1
7483,0
7484,0
7485,0
7486,0
7487,2
7488,0
7489,1
7490,1
7491,0
7492,1
7493,0
7494,0
7495,1
7496,1
7497,0
7498,1
7499,2
7500,0
7501,1
7502,0
7503,2
7504,2
7505,2
7506,2
7507,0
7508,1
7509,0
7510,1
7511,0
7512,1
7513,1
7514,1
7515,2
7516,1
7517,2
7518,1
7519,0
7520,2
7521,0
7522,0
7523,1
7524,0
7525,1
7526,1
7527,0
7528,0
7529,2
7530,0
7531,2
7532,2
7533,2
7534,1
7535,2
7536,0
7537,0
7538,0
7539,1
7540,1
7541,2
7542,0
7543,1
7544,0
7545,0
7546,1
7547,1
7548,2
7549,2
7550,0
7551,2
7552,2
7553,2
7554,0
7555,0
7556,2
7557,1
7558,2
7559,1
7560,0
7561,0
7562,0
7563,0
7564,0
7565,2
7566,2
7567,2
7568,1
7569,1
7570,2
7571,1
7572,0
7573,0
7574,2
7575,1
7576,0
7577,2
7578,2
7579,0
7580,0
7581,0
7582,0
7583,0
7584,1
7585,2
7586,2
7587,1
7588,2
7589,1
7590,2
7591,1
7592,1
7593,2
7594,0
7595,0
7596,0
7597,1
7598,0
7599,1
7600,1
7601,1
7602,0
7603,2
7604,0
7605,1
7606,2
7607,0
7608,0
7609,0
7610,1
7611,0
7612,0
7613,2
7614,0
7615,0
7616,2
7617,0
7618,0
7619,0
7620,2
7621,1
7622,0
7623,0
7624,0
7625,0
7626,2
7627,1
7628,0
7629,1
7630,0
7631,2
7632,0
7633,2
7634,2
7635,1
7636,1
7637,1
7638,1
7639,2
7640,0
7641,2
7642,1
7643,2
7644,1
7645,0
7646,1
7647,1
7648,0
7649,2
7650,0
7651,2
7652,0
7653,2
7654,0
7655,2
7656,1
7657,1
7658,1
7659,0
7660,0
7661,0
7662,1
7663,0
7664,2
7665,0
7666,1
7667,0
7668,2
7669,1
7670,1
7671,1
7672,0
7673,0
7674,0
7675,0
7676,2
7677,1
7678,0
7679,1
7680,0
7681,0
7682,0
7683,0
7684,1
7685,2
7686,2
7687,1
7688,0
7689,0
7690,1
7691,2
7692,2
7693,2
7694,2
7695,1
7696,1
7697,0
7698,0
7699,0
7700,0
7701,0
7702,2
7703,1
7704,2
7705,1
7706,0
7707,1
7708,1
7709,1
7710,0
7711,0
7712,0
7713,0
7714,2
7715,1
7716,0
7717,1
7718,1
7719,0
7720,2
7721,2
7722,2
7723,0
7724,0
7725,1
7726,2
7727,0
7728,0
7729,1
7730,0
7731,1
7732,2
7733,0
7734,0
7735,0
7736,0
7737,1
7738,2
7739,0
7740,1
7741,1
7742,0
7743,0
7744,1
7745,2
7746,1
7747,2
7748,0
7749,1
7750,2
7751,1
7752,2
7753,1
7754,0
7755,2
7756,1
7757,1
7758,0
7759,1
7760,0
7761,0
7762,2
7763,0
7764,2
7765,0
7766,1
7767,1
7768,1
7769,0
7770,0
7771,0
7772,1
7773,1
7774,0
7775,1
7776,0
7777,0
7778,0
7779,0
7780,2
7781,2
7782,1
7783,2
7784,0
7785,0
7786,0
7787,0
7788,0
7789,1
7790,1
7791,0
7792,0
7793,0
7794,1
7795,0
7796,0
7797,1
7798,0
7799,1
7800,0
7801,0
7802,1
7803,0
7804,1
7805,1
7806,2
7807,1
7808,0
7809,1
7810,1
7811,0
7812,0
7813,2
7814,0
7815,1
7816,2
7817,0
7818,1
7819,1
7820,1
7821,2
7822,1
7823,1
7824,2
7825,0
7826,0
7827,0
7828,1
7829,0
7830,1
7831,0
7832,1
7833,1
7834,2
7835,0
7836,2
7837,1
7838,1
7839,0
7840,1
7841,1
7842,1
7843,0
7844,0
7845,0
7846,2
7847,1
7848,2
7849,0
7850,2
7851,1
7852,2
7853,2
7854,2
7855,2
7856,0
7857,1
7858,1
7859,1
7860,0
7861,0
7862,0
7863,0
7864,0
7865,2
7866,1
7867,1
7868,2
7869,0
7870,1
7871,0
7872,2
7873,0
7874,1
7875,1
7876,2
7877,1
7878,0
7879,1
7880,0
7881,0
7882,0
7883,0
7884,1
7885,0
7886,2
7887,2
7888,1
7889,1
7890,0
7891,2
7892,0
7893,0
7894,1
7895,2
7896,2
7897,1
7898,1
7899,2
7900,0
7901,0
7902,1
7903,0
7904,0
7905,2
7906,0
7907,1
7908,0
7909,0
7910,2
7911,2
7912,2
7913,1
7914,0
7915,0
7916,2
7917,1
7918,0
7919,2
7920,0
7921,0
7922,0
7923,0
7924,0
7925,0
7926,0
7927,0
7928,1
7929,2
7930,1
7931,0
7932,0
7933,2
7934,0
7935,2
7936,2
7937,0
7938,0
7939,0
7940,2
7941,1
7942,1
7943,1
7944,1
7945,2
7946,0
7947,1
7948,2
7949,0
7950,1
7951,0
7952,1
7953,1
7954,1
7955,0
7956,1
7957,1
7958,0
7959,0
7960,1
7961,2
7962,0
7963,0
7964,0
7965,0
7966,0
7967,2
7968,1
7969,1
7970,0
7971,2
7972,1
7973,1
7974,1
7975,2
7976,0
7977,1
7978,1
7979,0
7980,2
7981,1
7982,0
7983,0
7984,2
7985,1
7986,1
7987,0
7988,2
7989,0
7990,1
7991,0
7992,1
7993,2
7994,0
7995,1
7996,0
7997,0
7998,0
7999,0
8000,2
8001,1
8002,1
8003,0
8004,2
8005,2
8006,1
8007,1
8008,0
8009,1
8010,1
8011,1
8012,0
8013,0
8014,2
8015,0
8016,1
8017,1
8018,0
8019,1
8020,2
8021,0
8022,1
8023,2
8024,2
8025,1
8026,1
8027,2
8028,1
8029,2
8030,0
8031,1
8032,0
8033,1
8034,1
8035,0
8036,0
8037,2
8038,2
8039,1
8040,2
8041,0
8042,0
8043,1
8044,0
8045,1
8046,2
8047,2
8048,2
8049,1
8050,1
8051,0
8052,0
8053,1
8054,0
8055,1
8056,1
8057,2
8058,2
8059,0
8060,0
8061,1
8062,2
8063,0
8064,0
8065,0
8066,2
8067,0
8068,1
8069,1
8070,0
8071,1
8072,0
8073,1
8074,0
8075,0
8076,2
8077,2
8078,1
8079,0
8080,2
8081,1
8082,0
8083,1
8084,0
8085,0
8086,2
8087,0
8088,1
8089,0
8090,1
8091,0
8092,1
8093,0
8094,0
8095,1
8096,1
8097,1
8098,0
8099,0
8100,0
8101,0
8102,0
8103,0
8104,2
8105,0
8106,0
8107,0
8108,0
8109,1
8110,1
8111,2
8112,0
8113,0
8114,2
8115,2
8116,0
8117,2
8118,1
8119,2
8120,1
8121,1
8122,0
8123,0
8124,0
8125,1
8126,1
8127,0
8128,0
8129,0
8130,0
8131,2
8132,1
8133,0
8134,0
8135,1
8136,0
8137,0
8138,1
8139,2
8140,2
8141,1
8142,1
8143,1
8144,1
8145,1
8146,0
8147,2
8148,0
8149,1
8150,2
8151,0
8152,0
8153,0
8154,1
8155,0
8156,0
8157,0
8158,0
8159,1
8160,2
8161,0
8162,0
8163,0
8164,0
8165,0
8166,2
8167,2
8168,1
8169,0
8170,0
8171,0
8172,0
8173,1
8174,0
8175,2
8176,2
8177,1
8178,2
8179,1
8180,2
8181,0
8182,0
8183,0
8184,0
8185,1
8186,1
8187,0
8188,1
8189,0
8190,0
8191,1
8192,1
8193,1
8194,0
8195,0
8196,0
8197,0
8198,0
8199,2
8200,0
8201,2
8202,0
8203,0
8204,0
8205,0
8206,1
8207,2
8208,1
8209,1
8210,0
8211,0
8212,1
8213,2
8214,2
8215,0
8216,0
8217,0
8218,1
8219,1
8220,0
8221,1
8222,0
8223,1
8224,1
8225,0
8226,0
8227,0
8228,1
8229,2
8230,0
8231,0
8232,0
8233,1
8234,2
8235,0
8236,0
8237,1
8238,1
8239,1
8240,2
8241,0
8242,2
8243,0
8244,0
8245,1
8246,1
8247,1
8248,1
8249,0
8250,1
8251,0
8252,2
8253,1
8254,2
8255,0
8256,0
8257,2
8258,2
8259,0
8260,2
8261,0
8262,0
8263,0
8264,1
8265,2
8266,0
8267,0
8268,0
8269,1
8270,0
8271,0
8272,2
8273,2
8274,2
8275,2
8276,1
8277,2
8278,0
8279,0
8280,0
8281,1
8282,1
8283,2
8284,2
8285,1
8286,2
8287,0
8288,0
8289,0
8290,0
8291,0
8292,2
8293,0
8294,1
8295,1
8296,1
8297,0
8298,2
8299,2
8300,0
8301,0
8302,1
8303,1
8304,2
8305,0
8306,0
8307,1
8308,1
8309,1
8310,2
8311,0
8312,2
8313,0
8314,0
8315,0
8316,1
8317,0
8318,0
8319,1
8320,1
8321,2
8322,1
8323,0
8324,1
8325,0
8326,1
8327,1
8328,1
8329,1
8330,2
8331,0
8332,0
8333,0
8334,0
8335,1
8336,2
8337,1
8338,1
8339,1
8340,0
8341,2
8342,0
8343,1
8344,1
8345,0
8346,1
8347,0
8348,0
8349,2
8350,2
8351,0
8352,1
8353,2
8354,1
8355,1
8356,0
8357,0
8358,0
8359,1
8360,0
8361,0
8362,2
8363,1
8364,1
8365,0
8366,2
8367,1
8368,2
8369,1
8370,2
8371,0
8372,0
8373,1
8374,1
8375,0
8376,1
8377,1
8378,2
8379,0
8380,0
8381,0
8382,0
8383,2
8384,2
8385,0
8386,2
8387,0
8388,0
8389,0
8390,0
8391,0
8392,1
8393,0
8394,1
8395,0
8396,2
8397,1
8398,0
8399,0
8400,1
8401,1
8402,1
8403,0
8404,2
8405,0
8406,0
8407,0
8408,2
8409,0
8410,0
8411,2
8412,2
8413,1
8414,2
8415,2
8416,0
8417,1
8418,0
8419,0
8420,2
8421,1
8422,0
8423,0
8424,0
8425,2
8426,1
8427,2
8428,0
8429,0
8430,0
8431,1
8432,2
8433,1
8434,0
8435,1
8436,0
8437,1
8438,2
8439,0
8440,1
8441,2
8442,0
8443,0
8444,1
8445,0
8446,0
8447,1
8448,1
8449,2
8450,1
8451,0
8452,1
8453,0
8454,2
8455,2
8456,0
8457,0
8458,0
8459,0
8460,2
8461,1
8462,2
8463,0
8464,1
8465,2
8466,0
8467,2
8468,0
8469,0
8470,0
8471,1
8472,1
8473,0
8474,0
8475,0
8476,0
8477,0
8478,2
8479,1
8480,0
8481,2
8482,0
8483,0
8484,2
8485,0
8486,0
8487,1
8488,1
8489,1
8490,2
8491,2
8492,0
8493,0
8494,1
8495,1
8496,1
8497,0
8498,2
8499,1
8500,1
8501,0
8502,0
8503,2
8504,1
8505,1
8506,1
8507,1
8508,2
8509,1
8510,2
8511,0
8512,0
8513,2
8514,2
8515,0
8516,1
8517,0
8518,0
8519,0
8520,2
8521,0
8522,0
8523,2
8524,1
8525,1
8526,1
8527,0
8528,2
8529,0
8530,0
8531,1
8532,2
8533,1
8534,0
8535,0
8536,0
8537,2
8538,2
8539,0
8540,0
8541,2
8542,0
8543,0
8544,0
8545,0
8546,2
8547,0
8548,0
8549,1
8550,2
8551,1
8552,1
8553,1
8554,0
8555,2
8556,2
8557,1
8558,2
8559,0
8560,0
8561,1
8562,2
8563,0
8564,0
8565,1
8566,0
8567,2
8568,1
8569,2
8570,1
8571,2
8572,2
8573,0
8574,0
8575,1
8576,0
8577,0
8578,0
8579,2
8580,0
8581,0
8582,0
8583,1
8584,0
8585,1
8586,0
8587,2
8588,1
8589,0
8590,2
8591,0
8592,0
8593,2
8594,0
8595,2
8596,2
8597,0
8598,2
8599,2
8600,2
8601,1
8602,0
8603,2
8604,0
8605,1
8606,2
8607,1
8608,1
8609,1
8610,2
8611,2
8612,1
8613,0
8614,0
8615,0
8616,0
8617,0
8618,1
8619,2
8620,2
8621,0
8622,2
8623,1
8624,0
8625,0
8626,2
8627,0
8628,0
8629,1
8630,1
8631,0
8632,0
8633,1
8634,0
8635,0
8636,1
8637,1
8638,0
8639,0
8640,1
8641,2
8642,0
8643,1
8644,0
8645,2
8646,2
8647,0
8648,0
8649,1
8650,0
8651,1
8652,2
8653,0
8654,1
8655,1
8656,0
8657,0
8658,0
8659,0
8660,0
8661,2
8662,0
8663,2
8664,1
8665,0
8666,0
8667,2
8668,0
8669,2
8670,1
8671,0
8672,2
8673,0
8674,0
8675,0
8676,2
8677,0
8678,1
8679,0
8680,1
8681,0
8682,0
8683,0
8684,0
8685,0
8686,0
8687,2
8688,0
8689,1
8690,0
8691,2
8692,1
8693,2
8694,2
8695,0
8696,1
8697,1
8698,1
8699,0
8700,0
8701,0
8702,2
8703,1
8704,1
8705,0
8706,0
8707,2
8708,0
8709,1
8710,1
8711,2
8712,0
8713,2
8714,1
8715,2
8716,1
8717,0
8718,1
8719,1
8720,2
8721,0
8722,0
8723,1
8724,2
8725,2
8726,1
8727,1
8728,2
8729,1
8730,0
8731,0
8732,2
8733,0
8734,2
8735,1
8736,1
8737,1
8738,0
8739,2
8740,0
8741,1
8742,2
8743,0
8744,0
8745,0
8746,2
8747,0
8748,2
8749,2
8750,1
8751,0
8752,1
8753,0
8754,1
8755,0
8756,0
8757,0
8758,2
8759,0
8760,0
8761,0
8762,0
8763,1
8764,2
8765,1
8766,1
8767,0
8768,2
8769,0
8770,0
8771,2
8772,2
8773,1
8774,0
8775,1
8776,0
8777,1
8778,2
8779,0
8780,1
8781,0
8782,1
8783,2
8784,0
8785,1
8786,0
8787,1
8788,1
8789,0
8790,1
8791,2
8792,1
8793,2
8794,0
8795,0
8796,0
8797,0
8798,2
8799,0
8800,0
8801,0
8802,0
8803,2
8804,0
8805,1
8806,2
8807,0
8808,0
8809,1
8810,1
8811,0
8812,1
8813,0
8814,2
8815,2
8816,0
8817,2
8818,1
8819,2
8820,0
8821,0
8822,2
8823,1
8824,2
8825,0
8826,0
8827,0
8828,0
8829,2
8830,2
8831,0
8832,1
8833,1
8834,0
8835,0
8836,2
8837,1
8838,1
8839,2
8840,0
8841,0
8842,1
8843,2
8844,1
8845,2
8846,0
8847,0
8848,2
8849,0
8850,1
8851,0
8852,1
8853,0
8854,0
8855,1
8856,1
8857,0
8858,1
8859,1
8860,1
8861,0
8862,0
8863,0
8864,0
8865,0
8866,0
8867,0
8868,0
8869,0
8870,0
8871,0
8872,1
8873,0
8874,0
8875,1
8876,0
8877,0
8878,0
8879,1
8880,2
8881,0
8882,2
8883,2
8884,1
8885,0
8886,2
8887,0
8888,0
8889,2
8890,1
8891,2
8892,0
8893,1
8894,0
8895,1
8896,0
8897,2
8898,0
8899,0
8900,0
8901,0
8902,0
8903,2
8904,1
8905,2
8906,2
8907,0
8908,1
8909,1
8910,2
8911,0
8912,1
8913,1
8914,1
8915,0
8916,1
8917,0
8918,0
8919,1
8920,0
8921,1
8922,0
8923,1
8924,0
8925,1
8926,2
8927,2
8928,0
8929,1
8930,2
8931,2
8932,2
8933,0
8934,2
8935,2
8936,0
8937,1
8938,1
8939,2
8940,0
8941,0
8942,0
8943,0
8944,1
8945,1
8946,2
8947,1
8948,2
8949,1
8950,1
8951,1
8952,2
8953,2
8954,0
8955,1
8956,0
8957,0
8958,1
8959,0
8960,0
8961,2
8962,0
8963,2
8964,0
8965,0
8966,0
8967,2
8968,2
8969,0
8970,0
8971,0
8972,2
8973,0
8974,1
8975,1
8976,2
8977,1
8978,0
8979,1
8980,0
8981,0
8982,1
8983,2
8984,1
8985,0
8986,0
8987,0
8988,0
8989,2
8990,1
8991,2
8992,1
8993,0
8994,1
8995,0
8996,1
8997,2
8998,1
8999,1
9000,0
9001,0
9002,1
9003,0
9004,1
9005,1
9006,1
9007,0
9008,0
9009,0
9010,2
9011,0
9012,0
9013,2
9014,0
9015,1
9016,0
9017,2
9018,0
9019,0
9020,0
9021,1
9022,0
9023,2
9024,2
9025,0
9026,2
9027,0
9028,2
9029,1
9030,0
9031,0
9032,1
9033,0
9034,1
9035,0
9036,0
9037,0
9038,2
9039,1
9040,0
9041,1
9042,0
9043,0
9044,0
9045,0
9046,2
9047,1
9048,0
9049,0
9050,1
9051,0
9052,0
9053,1
9054,2
9055,1
9056,1
9057,0
9058,2
9059,0
9060,0
9061,2
9062,2
9063,0
9064,1
9065,2
9066,0
9067,0
9068,0
9069,2
9070,1
9071,0
9072,0
9073,0
9074,2
9075,0
9076,0
9077,0
9078,0
9079,2
9080,1
9081,2
9082,1
9083,0
9084,0
9085,0
9086,0
9087,0
9088,0
9089,0
9090,1
9091,2
9092,1
9093,2
9094,1
9095,1
9096,1
9097,2
9098,0
9099,0
9100,2
9101,2
9102,1
9103,0
9104,2
9105,1
9106,0
9107,0
9108,1
9109,1
9110,0
9111,2
9112,1
9113,0
9114,2
9115,1
9116,1
9117,1
9118,2
9119,0
9120,1
9121,2
9122,2
9123,1
9124,2
9125,2
9126,2
9127,0
9128,1
9129,2
9130,0
9131,2
9132,0
9133,2
9134,0
9135,1
9136,1
9137,0
9138,2
9139,0
9140,0
9141,2
9142,1
9143,0
9144,2
9145,0
9146,1
9147,2
9148,0
9149,0
9150,0
9151,0
9152,1
9153,0
9154,0
9155,1
9156,2
9157,0
9158,0
9159,1
9160,2
9161,2
9162,0
9163,0
9164,1
9165,0
9166,0
9167,0
9168,0
9169,2
9170,1
9171,1
9172,0
9173,1
9174,0
9175,2
9176,0
9177,1
9178,2
9179,0
9180,0
9181,1
9182,2
9183,2
9184,0
9185,0
9186,2
9187,2
9188,1
9189,0
9190,0
9191,0
9192,0
9193,0
9194,1
9195,1
9196,0
9197,0
9198,0
9199,1
9200,0
9201,0
9202,1
9203,0
9204,0
9205,0
9206,0
9207,0
9208,0
9209,2
9210,1
9211,2
9212,0
9213,0
9214,0
9215,1
9216,0
9217,0
9218,0
9219,1
9220,1
9221,2
9222,2
9223,0
9224,2
9225,1
9226,1
9227,1
9228,0
9229,1
9230,1
9231,1
9232,2
9233,1
9234,1
9235,2
9236,1
9237,0
9238,0
9239,0
9240,0
9241,2
9242,2
9243,0
9244,0
9245,2
9246,1
9247,0
9248,1
9249,1
9250,2
9251,2
9252,0
9253,1
9254,0
9255,0
9256,2
9257,1
9258,0
9259,1
9260,2
9261,2
9262,0
9263,2
9264,0
9265,0
9266,1
9267,0
9268,2
9269,2
9270,1
9271,1
9272,1
9273,2
9274,2
9275,1
9276,0
9277,2
9278,0
9279,2
9280,0
9281,0
9282,2
9283,1
9284,0
9285,1
9286,1
9287,0
9288,1
9289,0
9290,2
9291,0
9292,0
9293,1
9294,1
9295,0
9296,2
9297,1
9298,0
9299,0
9300,1
9301,0
9302,0
9303,2
9304,1
9305,1
9306,0
9307,0
9308,1
9309,1
9310,0
9311,1
9312,0
9313,1
9314,0
9315,2
9316,0
9317,1
9318,1
9319,0
9320,1
9321,0
9322,2
9323,2
9324,2
9325,0
9326,1
9327,1
9328,0
9329,1
9330,1
9331,1
9332,2
9333,0
9334,1
9335,2
9336,2
9337,0
9338,0
9339,0
9340,0
9341,2
9342,0
9343,1
9344,0
9345,0
9346,0
9347,1
9348,1
9349,0
9350,1
9351,0
9352,1
9353,1
9354,0
9355,2
9356,0
9357,0
9358,1
9359,1
9360,2
9361,1
9362,0
9363,2
9364,2
9365,0
9366,2
9367,2
9368,2
9369,2
9370,0
9371,0
9372,0
9373,1
9374,2
9375,0
9376,2
9377,0
9378,1
9379,1
9380,2
9381,0
9382,1
9383,1
9384,1
9385,2
9386,0
9387,1
9388,0
9389,1
9390,2
9391,1
9392,1
9393,1
9394,0
9395,1
9396,0
9397,0
9398,0
9399,1
9400,0
9401,0
9402,0
9403,1
9404,1
9405,0
9406,1
9407,0
9408,0
9409,0
9410,2
9411,0
9412,0
9413,1
9414,1
9415,0
9416,2
9417,0
9418,1
9419,1
9420,0
9421,1
9422,2
9423,0
9424,0
9425,0
9426,2
9427,0
9428,2
9429,1
9430,0
9431,1
9432,0
9433,0
9434,0
9435,0
9436,1
9437,0
9438,1
9439,2
9440,1
9441,0
9442,2
9443,0
9444,2
9445,0
9446,1
9447,2
9448,1
9449,0
9450,0
9451,1
9452,0
9453,1
9454,0
9455,1
9456,2
9457,2
9458,2
9459,2
9460,2
9461,0
9462,1
9463,2
9464,0
9465,2
9466,0
9467,1
9468,1
9469,1
9470,1
9471,2
9472,1
9473,2
9474,0
9475,0
9476,2
9477,1
9478,0
9479,0
9480,0
9481,0
9482,0
9483,1
9484,1
9485,1
9486,0
9487,0
9488,0
9489,2
9490,0
9491,0
9492,0
9493,0
9494,0
9495,0
9496,0
9497,2
9498,2
9499,0
9500,0
9501,1
9502,2
9503,1
9504,2
9505,2
9506,2
9507,0
9508,0
9509,2
9510,0
9511,1
9512,1
9513,0
9514,1
9515,0
9516,0
9517,0
9518,1
9519,0
9520,1
9521,0
9522,0
9523,2
9524,1
9525,1
9526,1
9527,0
9528,0
9529,1
9530,0
9531,2
9532,0
9533,0
9534,0
9535,1
9536,0
9537,2
9538,0
9539,2
9540,2
9541,0
9542,1
9543,1
9544,1
9545,2
9546,1
9547,1
9548,1
9549,1
9550,1
9551,2
9552,1
9553,1
9554,2
9555,2
9556,1
9557,0
9558,0
9559,0
9560,2
9561,1
9562,0
9563,0
9564,2
9565,1
9566,2
9567,0
9568,1
9569,2
9570,1
9571,0
9572,1
9573,0
9574,2
9575,1
9576,2
9577,2
9578,0
9579,0
9580,0
9581,1
9582,2
9583,0
9584,1
9585,1
9586,1
9587,0
9588,0
9589,0
9590,0
9591,0
9592,1
9593,0
9594,0
9595,2
9596,1
9597,1
9598,1
9599,2
9600,2
9601,2
9602,0
9603,0
9604,2
9605,0
9606,2
9607,0
9608,1
9609,2
9610,2
9611,2
9612,1
9613,1
9614,0
9615,0
9616,0
9617,1
9618,1
9619,1
9620,1
9621,2
9622,0
9623,0
9624,1
9625,1
9626,0
9627,0
9628,1
9629,0
9630,0
9631,0
9632,2
9633,0
9634,0
9635,0
9636,0
9637,0
9638,2
9639,2
9640,0
9641,0
9642,0
9643,2
9644,0
9645,0
9646,0
9647,1
9648,0
9649,1
9650,1
9651,0
9652,0
9653,0
9654,2
9655,2
9656,0
9657,0
9658,1
9659,2
9660,0
9661,2
9662,2
9663,0
9664,0
9665,0
9666,1
9667,0
9668,1
9669,2
9670,0
9671,2
9672,1
9673,1
9674,1
9675,0
9676,0
9677,1
9678,0
9679,2
9680,1
9681,1
9682,0
9683,2
9684,1
9685,0
9686,0
9687,2
9688,0
9689,2
9690,1
9691,1
9692,0
9693,1
9694,0
9695,0
9696,0
9697,2
9698,2
9699,0
9700,2
9701,0
9702,1
9703,1
9704,0
9705,1
9706,2
9707,1
9708,1
9709,0
9710,2
9711,1
9712,2
9713,0
9714,1
9715,2
9716,0
9717,0
9718,1
9719,2
9720,0
9721,0
9722,1
9723,0
9724,2
9725,2
9726,1
9727,0
9728,1
9729,0
9730,0
9731,2
9732,0
9733,1
9734,1
9735,1
9736,0
9737,2
9738,1
9739,0
9740,0
9741,1
9742,2
9743,0
9744,1
9745,0
9746,0
9747,1
9748,2
9749,2
9750,0
9751,0
9752,0
9753,0
9754,1
9755,1
9756,0
9757,1
9758,0
9759,0
9760,2
9761,1
9762,2
9763,1
9764,0
9765,0
9766,0
9767,2
9768,0
9769,0
9770,1
9771,0
9772,0
9773,0
9774,0
9775,1
9776,1
9777,1
9778,0
9779,0
9780,0
9781,0
9782,0
9783,0
9784,2
9785,1
9786,2
9787,0
9788,1
9789,1
9790,1
9791,1
9792,1
9793,0
9794,0
9795,1
9796,0
9797,2
9798,0
9799,0
9800,1
9801,1
9802,0
9803,0
9804,2
9805,1
9806,0
9807,2
9808,2
9809,2
9810,1
9811,0
9812,1
9813,1
9814,0
9815,1
9816,0
9817,2
9818,1
9819,2
9820,1
9821,2
9822,1
9823,1
9824,2
9825,0
9826,2
9827,1
9828,0
9829,1
9830,2
9831,0
9832,0
9833,0
9834,2
9835,2
9836,1
9837,1
9838,1
9839,0
9840,0
9841,0
9842,0
9843,2
9844,0
9845,1
9846,0
9847,0
9848,0
9849,1
9850,0
9851,1
9852,0
9853,0
9854,1
9855,0
9856,0
9857,0
9858,1
9859,0
9860,0
9861,0
9862,1
9863,1
9864,1
9865,0
9866,1
9867,0
9868,0
9869,0
9870,0
9871,0
9872,1
9873,1
9874,2
9875,0
9876,0
9877,0
9878,1
9879,0
9880,0
9881,1
9882,0
9883,2
9884,2
9885,1
9886,2
9887,2
9888,1
9889,0
9890,0
9891,2
9892,0
9893,1
9894,2
9895,1
9896,0
9897,2
9898,1
9899,2
9900,2
9901,1
9902,0
9903,2
9904,2
9905,0
9906,0
9907,2
9908,2
9909,2
9910,0
9911,2
9912,0
9913,2
9914,1
9915,0
9916,1
9917,2
9918,2
9919,1
9920,2
9921,1
9922,2
9923,1
9924,1
9925,0
9926,2
9927,2
9928,1
9929,0
9930,0
9931,0
9932,1
9933,1
9934,1
9935,1
9936,1
9937,0
9938,2
9939,2
9940,1
9941,2
9942,0
9943,0
9944,2
9945,0
9946,0
9947,1
9948,0
9949,1
9950,0
9951,0
9952,1
9953,1
9954,0
9955,0
9956,2
9957,0
9958,2
9959,0
9960,0
9961,0
9962,0
9963,2
9964,0
9965,0
9966,0
9967,1
9968,2
9969,1
9970,1
9971,0
9972,1
9973,0
9974,2
9975,0
9976,2
9977,0
9978,1
9979,2
9980,1
9981,1
9982,1
9983,0
9984,2
9985,1
9986,2
9987,1
9988,2
9989,0
9990,1
9991,1
9992,0
9993,0
9994,1
9995,1
9996,0
9997,2
9998,2
9999,0
10000,0
